"Зашел тут на днях к Виктору Почесавичу, огоньку стрельнуть, хотел на воздухе подышать своими раковыми палками, а зажигалку оставил в старой робе. Он в своей будке охранной сидит возле входа. Вчера дома одежку так и бросил, даже не в машину стиральную, а достать все забыл из карманов. Одним словом, безголовый я дурачок.\n\n- Дядь Вить, огоньку дадите? Я в мыслях с утра бродил, свою зажигалку дома и оставил.\n- Андрюх, погоди, тут криминал на работе. Валерьяныча помнишь? Так вот, вентиль тот ебаный, он так и скрутил в итоге! Сейчас камеры проверяем. На работу сегодня не вышел, явно все спустил на селедку в масле, сейчас от сушняка дохнет на зассаном матрасе! Огня тебе? Да, Андрюх, держи, только верни сразу, хватает нам тут… Не серчай за слова, не к тебе сказано, тебя-то я знаю, хороший ты парень…\n\nДядя Витя хоть иной раз и строг, но как-то с любовью, по отечески. Видел его однажды грустного во дворе на скамейке, не знаю, то ли день у него такой был, то ли жизнь не малина, решил не подходить, не тревожить. У каждого у нас такие моменты бывают, хочется посидеть в одно жало, побродить у себя в уме…"
"В пятницу я хотел дернуть с работы пораньше, дабы подготовить организм к высококалорийному отдыху, но на выходе был подло перехвачен и доставлен в катакомбы долбильни ни кем иным, как самим мать его Рыблевым!\n\nИ чего ты этим добился, содомит чумазый? Слез на моих глазах? Этого ты хотел, ебучие рога? Чтоб у тебя, Рыблев, член на пятке вырос: как поссать, так приходилось разуваться каждый божий раз, вот как я тебя ненавижу!"
Чот опасным он не выглядит. Я бы лучше написал заебаный
"Чего Вениамин разлегся, изоляция ему в глотку? Срочно выписать путевку от завода в санаторий «Вялые Караси». Двухнедельный роман с Валькой из столовки, пьяные, но безобидные шалости в сосновом бору и кукуха прилетит на место. Сейчас понимаете ли, много переживаний, нужно чаще устраивать себе качественный отдых.\n\nВениамина не осуждаю. И вам не советую."
"Я, говорит, все трубы прогрел, на каждой полежал, можно теперь пойду домой?\n\nКонечно, Артемка. Оплата же сдельная. Прогрел - значит домой. Только не забудь робу оставить в шкафчике, а то опять потом с виноватым взглядом будешь оправдываться, что после стирки не высохла."
"Лариска Брезаолавна притащила сегодня на работу своих невдупленышей. Говорит, мол, в садике объявили карантин, а Вадимка, тефтель души ее, в ночь на вахту отчалил. Куда их деть не придумала, так что попросила, чтобы они побесоебили чутка на моем участке.\n\nНу а я чо? Парень добрый. Пускай себе бесоебят.\n\np.s. шуруй к нам в телегу, там эксклюзивные посты ;)"
"«На дворе уже 6 января, сколько еще можно доедать этот остопиздевший оливье? Пусть Галька с детьми и доедает, а мне на работе нужна нормальная мужицкая трапеза. Бульмени например жаренные!» - негодует Архип Шерстедранович.\n\nЭх, Архип. Ничего ты не ценишь, рожа протокольная. Галюха же и мазик сама делала, домашний, по рецепту Ильи Исааковича Лазерсона. Всем бы такое золотце в дом, а ты тут развонялся на весь цех."
"Трудовые будни Николая Заушковича.\n\nХуярит на нашей долбильне как проклятый уже третий десяток и не жалуется. Говорит, мол, пачка риса с путассу есть и на этом спасибо. Главное в нашей жизни хорошие друзья и задушевная беседа, а остальное суета. Хороший дядька, ничего не скажешь за него дурного."
"Ебушки воробушки, Михалыч, дорогой, ты чо такой злой, компот вьебал плохой? Еще больше жути наводит и тот факт, что за спиной у тебя бензопила.\n\nНадеюсь ты не держишь на меня зла за все съеденные мандарины на корпоративе. В большой семье, как говориться, ебальничком не щелкают, так что, не урчи на меня, усатый бесоеб."
"Танюха Доброносова делает селфач на рабочем месте.\n\nПосмотри вытянулась на весь стол, как Багира из джунглей. Ожидайте обновление аватарки ближе к вечеру, как самый удачный кадр из сотни сделанных будет выбран.\n\nОх уж эти прекрасные дамы, чтобы мы без них делали в этих унылых катакомбах звенящей стали и похожих на врата в чистилище полуживых микроволновок."
"Верунья Барракудова орет аки поехавшая весь день, по поводу и без. Видно, что по ней дурка плачет. Как будто я виноват, что она 1-ого числа выходит работать, ебанарот. Так бы и плюнул бы ей в компот курагиновый на обеде, да воспитание не позволяет."
"Рыблев совсем берега попутал. Каждый год, примерно за неделю до нового года начинает квасить. Этакий вялотекущий запой. В сам новый год конечно он уже ни на что не похож, но это уже совсем другая история. Нам же, простым работягам, по большому счету все равно, можно по-проебываться, пока начальство в кураже и полощет усы в блек лейбеле."
"Что-то мне сдается, ебучие рога, что он не очень старательно выполняет свою работу. Минус новогодняя премия ебанарот!"
"Многого хочешь, ленивая жопа. Иди металлическую стружку подметай, а то опять уйдешь и все на завтра оставишь. Галя нам уже все мозги прожужжала с этой сраной стружкой. Не может нормально полы подмыть в конце смены из-за таких чумазых обормотов как ты."
"Работяги, тут какое дело.\n\nПришли сегодня два милых юноши и представились Максимом и Женей. Заявили, мол хотим ишачить аки проклятые, чувствуем, что сердца принадлежат рабочему классу. Кажется мне, что все это молодая романтика у них в голове. Недельку-другую повстают в 5 утра, потом дернут\nпереосмысливать свое существование. Дадим испытательный срок? Уж больно холеными выглядят. Явно ничего тяжелее котлетки рыбновой в руках и не держали.\n\nДумаю, надо дать им шанс, тоже когда-то пришел неотесанный и криворукий, время дало по горбу и вылечило. Разное знаете-ли бывает в жизни. Одному дьяволу известно, куда занесет тебя дорога."
"Работяги, извольте доложить обстановочку на трудовом месте.\n\nЗнакомьтесь. Это наш охранник Ерофей Карасинович. Он блюдет за порядком на линии разлива лимонада из кураги. Одним словом очень важная ячейка большого, живого, рабочего организма.\n\nСегодня Карасинович по брови заправился кофем и теперь жалуется, что моторчик барахлит. Глаза выпучил и сидит кряхтит да постанывает. С такими охранниками конечно всю изоленту со склада вынесут за раз. Сидел бы лучше этот чумазый бармоглот дома, на диване, в рваных семейниках и смотрел свой сраный телевизор, а то толку от него, как от Рыблева премий."
"Петр Иваныч работает у нас на проходной, смотрит, чтобы всякие по типу Валерьяныча не вынесли пол завода. А то завтра придешь на работу, а завода как и не было никогда.\n\nКак бы я не любил вставать с первыми петухами на свою долбильню, а бабулесик нужен, так что пусть лучше все будет на своем месте. Святой Вы человек, Петр Иваныч, храни вас столовский компот."
"Анатолий Карпов всегда был лютый проёба. Как не зайдешь в цех, он, то лежит, то сидит, то к девкам из пошивочного цеха усы свои грязные подкатывает.\n\nТолян, чумазый твой ебальничек, ты забыл что на работе работают? Может мне напомнить, что тебе за это деньги башляют?"
"Вы думали я вам тут про котов лапшу на уши вешаю? Мол на работу они ходят, да на перекуры… Хуй там плавал. Вот смотрите, требуются коты на завод."
"«Кручу, верчу, наебать хочу» - бубнит себе в усы Лев Валерьяныч, скручивая очередной вентиль.\n\nВалерьяныч у нас мужичок высоких мотивов. Фиксировать прибыль умудряется даже в этом богом забытом месте. Все что блестит и не приколочено тащит к себе в подсобку, дабы потом сбагрить по\nтихой грусти. Был дважды пойман на попытке скоммуниздить ведро с гвоздями, но вышел сухим из воды благодаря подвешенному языку. Предупредили, что в следующий раз будем кошмарить за такие выкрутасы пылесосом. Чует мое ишачье сердце, что этим все и закончится."
"Мария Вениаминовна ишачит в отделе технического контроля.\n\nПо лицу кажется, что день у нее не задался с самого начала. Стоит с утра перед выходом пролить себе кофе на штаны, как ты понимаешь, что этот судный день для тебя подготовил сам мать его дьявол, восседающий в самых дремучих чертогах самого дремучего ада."
"Кто-нибудь проводите его до бухгалтерии за авансом, потерялся в катакомбах долбильни."
"Семен Пуринов материал для работы привез, устроил ор выше гор:\n\n«Трубы куда отгружать? Заставил все своими сраными коробками и не проехать. Знали же, что нужно завозить трубы сегодня! Чо будете теперь пол дня скрепя жопами растаскивать все по углам? А между прочим, за это время, трубы должны быть уже сварены в конструкции, ебаные вы волки!\nРыблев ежели вечером зайдет и охуеет от такой продуктивности я вас прикрывать не буду, так и знайте, ироды кучерявые»\n\nНу а мы чо? Поплющили ебла на него да пошли место для труб расчищать."
"Спросил я давеча во время обеда у Петр Юрыча, как он умудряется справляться с такой нагрузкой и оставаться в здравом уме на протяжении всей недели, на что он поведал о своих житейских тонкостях.\n\n«Я когда работал на резке бетона, взял в моду традицию послерабочую. Брал я значит у дома после долбильни бутылочку туборга и\nзакрытую пиццу кальцоне, шел во двор на лавочку и трапезничал. Отключал мысли, вслушиваясь в гудящий, вечерний город и с закрытыми глазами вдыхал полной грудью чудесное мгновенье. Главное не брать вторую банку, а если взял, то третью точно нельзя. У меня после третьей настроение предновогоднее начинается, а это чревато сами понимаете чем. Такими прекрасными мгновениями я и живу, напитываясь вселенской силой на день грядущий…» - поведал Юрыч."
"Антоша Курочкин не понимает, почему после вычета всех жизненно необходимых трат из зарплаты сумма на калькуляторе выходит не очень.\n\nА что ты ожидал, Курочкин? Как поговаривал ныне покойный Владимир Вольфович: ""Чего не смеетесь, не смешно, да? Не поняли? Это Россия!"""
"Дела слесарные всегда нравились Тимофею. Там отрезал, тут прикрутил, в другом месте плюнул и на это прилепил. «Век будет стоять» - орет Тимофей и довольно шевелит сальными усами. Только вот постоянно за ним приходится все переделывать. Разъеба, каких свет белый не видел. Что думаете, минус премия?"
"Матушка попросила Игната пофоткаться на рабочем месте. Говорит, что хочет показать соседке Гальке. Она небось вся уохается от такого работяги. Ее-то отпрыск, Валерка, может только медные кабеля пиздить, да пропивать. На большее его рогатой морды и не хватает. Благо у Игната расцвело зерно здравомыслия вопреки болоту, в котором он выживает среди этих дурней. Строит планы на будущее, ишачит где предложат, да закачивает свои пару золотых червонцев. Хороший парень. Ежели еще не перевелись такие в наших глубинках, то не все потеряно на этом белом свете."
"Вот вам обычный трудовой день Анастасии. На фото удалось запечатлеть разношерстность задач, с которыми успешно справляется Настенька. Эта дамочка на хорошем счету у начальства и даже разные поломки на производстве чинит сама, чтобы не было простоя в ожидании мастера.\n\n«Ваших слесарей-электриков ведь черт дождешься, приходится делать\nвсе самой. Я даже набор ключей купила себе с зарплаты. Сама инициативу не проявишь, ни кто в цеху и хвостом не поведет» - комментирует ситуацию Настёна."
"Всеволод Скрипка проходит обучение на оператора ЧПУ плазмы и газовой резки.\n\nСидит, впитывает информацию, все для него новое и интересное. Пройдет месяц, начнет как и все хуевертить Рыблева в курилке и жить от обеда до обеда. Все мы через это прошли, знаем. Обеды у нас кстати не единственное, ради чего стоит жить, но все же настолько хороши, что заслуживают\nупоминания в данном трактате.\n\nВсеволод просит передать подписчикам паблика душевного равновесия и наваристого компоту с мясистой курагой. Говорит, что главное не впадать в уныние и сохранять человеческое тепло."
"брат, не шлифуй котом, подумай…"
"У нас юные ПТУшники бесоебят на полставки в ебудашке. За пару литров курагинового компота на выходных помогут с переездом. Главное компот выдайте после проделанной работы, а то все колесики на креслах переломают, если усы в стакане пополощут. Надежные, как тонкий лед на зимней рыбалке, обращайтесь."
"Знакомьтесь, это Степан Корюшкин.\n\nНезадолго до обеда сделал вид, что пошел в туалет, а по факту съебал занять место в столовской очереди. Говорит, так голубцы можно выбрать самые нажористые. Людке хоть и граммовки выдали, один хер лепит, как картину пишет. Она художник - она так видит. Степана понять можно, с качественным топливом и аппарат работает лучше и дольше. Кушайте, дорогой, проеба, набирайтесь сил."
"Бывает навалит грусть грузом и ходишь из угла в угол, не находишь себе места. Худшее, что можно сделать в такой ситуации, это искать возможность выбраться из этого состояния. Если грустно - надо погрустить. Выгрустить все к чертовой матери. Просто берешь бутылку вина и идешь через весь город, куда глаза глядят.\n\nТак давеча и поступил Максим Налимов. Утром пришел и жалуется начальнику цеха - живот крутит. Ох и пиздаболище Вы, Максон. Ладно, сделаем вид, что эта версия звучит убедительно, идите уж домой отлежаться. Ну кто ебать в наше время не грустил?"
"Знакомьтесь. Это Жорик Когтеросян. Пришел к нам ишачить на той неделе. Говорит, что искал работу для души 2 месяца, но все попытки летели в пропасть, как пьяная шлюха в сточную канаву. Пришлось взяться уже за любую работу, так как есть халупа в ипотеку на новой застройке. Так-то он всю дорогу стряпуном трудился в разных заведениях национальной кухни.\n\nПоговаривают, что в его хачапури сыр на столько сильно тянулся, что даже самая длинная радуга, над самой большой горой в его родной деревне и та была короче. Вот так. Пути батрачьи неисповедимы понимаете ли."
"""Нет, эта тележка на линию уже не выйдет — здесь и косынка истёрлась и выбоины на поверхности катания колёсных пар"".\n\nЭтот парниша — слесарь подвижного состава метрополитена. За 28 тысяч рублей в месяц, он берет на себя огромную ответственность по ремонту вагонов и выдачу составов на линию. Постоянно в масле и бокилитовой пыли, этот парень просто делает свою работу и никогда не жалуется на жизнь."
"К важным новостям.\n\nТанька Пална на всех порах несется в офис бухгалтерии. Рыблев с утра мечет икру на потолок от негодования. Танюха, ворона эдакая, не правильно высчитала коэффициент за ночные надбавки и потому работяги сотрясают воздух проклятиями и размахивают вилами возле кабинета Володи. Если\nвопросик необкашлять в ближайшие часы, то глядишь, кому нибудь из администрации и усы поломают. Держим ситуацию на контроле, а руку на стакане с курагиновым компотом."
Пиздосиковая участь или взгляд на две тысячи ярдов.\n\nРаспространите.
"«Курилка дерьма!» - жалуются работяги.\n\nКогда будет все как у людей? Отдыха полноценного и так нет, так хоть бы пять минут перекура было с человеческими условиями. Даже вот во время работы, бывает надо подождать минут 10, пока материал повезут, так и то присесть нельзя. Виталя сразу орет своим оперным голосом и\nвыкатывает из орбит свои пропитые глазницы: «У тебя ебать обед или что? Хули ты расселся, как мох на дубе по весне, подметай пока рабочее место!»\n\nЕбаное гадство, а не работа."
"Игнат с Максимом слегли валетом, как пришли на работу. Видно, что после работы вчера они домой так и не заходили. Говорили, мол пойдут в какую-то рюмку с караоке, пивас темный там по акции. Две пенного берешь, чесночные гренки за счет заведения. Меня звали, но я отказался. Не могу работать с похмелья, такие измены, что хоть волосы на груди вырывай. Чувствуешь себя так, как будто мамку в супермаркете потерял. Хочется плакать и в кроватку. В их возрасте я также мог бесоебить до утра, а потом идти в свою долбильню, но сейчас слишком стар для этого дерьма."
"Петька чот загрустил в ебудашке на обеде, сидит птиц считает в окне.\n\nГоворит: «Вот смотри, получаю я 29500 в месяц. За коммуналку 4800, интернет 720 и телефон 350. Вчера сходил затарился в магазин на 3500 и так раза 3 в месяц. Остается 13130. Бытовые и банные расходы ежемесячно? Да. Внеплановые траты на замену дырявых носков и форс-мажоры? Да!\nВчера холодильник наебнулся, ремонт в 7 тысяч обойдется, ебучие рога! А если что со здоровьем случиться? Я уже молчу, что я просто иногда чисто по котовьи хочу от души побесоебить! Взять например путевку на неделю в санаторий Сардинино…»\n\nНам нечего было ответить, потому как все мы плюс минус Петька. Покрехтели, допили свои остывшие чаи, да пошли в молчаливом согласии с данным монологом хуярить до следующего гудка."
Работяги поговаривают что он видел нечто ужасное - переработка.
"У Олега сегодня юбилей.\n\nСобрались с работягами в ебудашке после работы, отметить круглую дату Олега. Посидим по-тихому дружным коллективом. Мастер цеха, Илюха, дал добро. Говорит, главное, чтобы вахтерша ваших гоготаний не слышала и пожалуйста без заблеванного сортира. На встречу нам пошел одним словом.\nПостараемся не подвести его, а то он в первую очередь за свою доброту душевную и получить по плешивой голове от Володи Рыблева. Сам он не остался, нужно пиздосика младшего из яслей забрать, у жены вторая смена, не успевает. Пообещали, что выпьем и за его здоровье. Такие дела."
"Андрюха медитативно контролирует производство деталей. Говорит, работа для него давно стала божественным откровением.\n\n«Каждый день я произвожу новые детали, в то время, как старые выходят из строя. Созидание в обязательном порядке влечет за собой разрушение, а оно в свою очередь заставляет созидать снова и снова… Все в этом\nгребаном круге жизни циклично. Все приходит и уходит, времена года стабильно сменяют друг друга, трава умирает и рождается заново, а вселенные схлопываются и где-то зарождаются новые… Прямо как детали, которым я посвятил свою жизнь, прямо как детали…»"
"Володя Рыблев носится все утро как полуебнутый. На днях более важная шишка сообщила, что будут драть всех кверху жопой внеплановыми проверкам. Каждый же болтик сейчас бегает проверяет по документам, усами пыхтит, морду коррупционную кривит, да чихает от пыли с не привычки. Уверен я, что всучат ему по самое кастрированное. То, как у нас все запущено, не исправляется за пару часов. Разве что только облить\nбензином и поджечь. Нет завода - нет проверок. Да, Рыблев?\n\nНи чо, Володя, полезно иногда по гриве получить, может уроком будет. 18 лет ты отмахивался от просьб работяг привести в порядок рабочие места, мол все у нас на века, деды работали и мы продолжим, вот и пожинай плоды, скотобаза твердолобая."
"Эт Николай Архипович, всеми любимый, старый труженик. Дядь Коля помнит еще те времена, когда в курилке жарили пошлыми анекдотами, а не протирали усами экраны телефонов в этих ваших шизограмах. Помнит, как после работы можно было с товарищами по цеху ждать отстоя пены у железного столика рядом с разливайкой и те самые дни, когда казалось, что молодость бесконечна, а огонь в глазах будет гореть до\nскончания времен.\n\nЕсли за душевной беседой, то это сразу к нему, правда дела рюмочные поддерживает уже не с тем азартом, как в лихие свои года. Говорит, сердечко уже не то, нужно беречь себя. Да и старая карга может опять на пол года карточку зарплатную забрать, а ему еще нужно к удочке леску купить и пару красивых наживок с переливающимися карасиками."
"А это простой парень из кузнечного цеха по имени Серега Скумбревальских и у него все хорошо.\n\nЕдинственное, о чем он хотел бы попросить подписчиков нашего чумазого синдиката, так это оформить подписку на наш канал в телеге (если два одинаковых источника вам не нужно, выбирайте тележку <3)\n\nСерега благодарит за внимание и желает вам хорошо побесоебить в эти выходные, а ему пора ишачить, график 2 на 2 он такой, в выходные ты занят, а в среду и выпить не с кем. Ну ничего, печеночка здоровее будет.\n\nhttps://t.me/rabotyagikoti"
"Молодое поколение проходит практику. Уже слегка заебавшиеся, но находящиеся абсолютно на своем месте. Ну кто если не мы, мужики? Кто-то же должен вдыхать полной грудью металическую стружку и монотонно выполнять одно и тоже у станка. А эта паутина в углу у окна? Ну кто если не мы будет махать шваброй по ней как поехавший крышей дед? А Зинка? Видели габариты? Такими бы утеплиться на зиму...\n\nКрути верти ворочай, ебаный рабочий. Аминь."
"Ну и чо он там шуршит пакетами? Время к обеду, а он всего пару паллетов разгрузил. Как задержаться на пол часика по ерунде, так сразу хвостом хуррит по бетону, да так что проводку замыкает, а как честно отработать, так ходит сопли на кулак наматывает. Минус премия или объяснительная?"
"Держу в курсе.\n\nГеннадий поел гречи с рыбновым филе да шлифанул все ягодным морсом. Смотрит ютубчик, до конца обеда осталось еще пол часа. Говорит, что очень хочет сходить по большому, но не на перерыве же это делать, сходит во время работы. Понимаю."
"Старожила Обуховского завода, Евгений Пантелеймонович.\n\nПочесал домой, главное не забыть заскочить в пятёру за тунцом по скидону, да яву золотую прикупить. Решил, что будет правильно питаться, по вечерам рыбов, а по утрам яйца вареные. Гастрит дело знаете ли такое, лучше не запускать.\n\nВсе правильно, на одних говяжьих дошиках с такой проблемой не уедешь далеко. Кушайте, поправляйтесь, Евгений Пантелеймонович."
"Регина Неаполитанова постоянно строит глазки мастеру Семену Лещенко, в надежде заполучить хотя бы долю внимания этого закаленного холодом и сталью мужчины.\n\nХорошие связи и надежный мужик под боком это безусловно джек пот и жизнь удалась, но таких как он еще нужно суметь подцепить на\nкрючек любви. Дело это не из простых, учитывая суровость Семена, а также проблему в виде хитрожопой поварихи Людки, которая ему после смены в контейнере передает домой котлеты с подливой.\n\nСам Лещенко свою холостятскость объясняет тем, что семья дело прожорливое, а он нужен заводу. Работа видите ли без него встанет."
"Зима близко и стоит задуматься над тем, как мы к ней подготовились.\n\nПиздосики жалуются на огромные щели в окнах своей ебудашки. ""Летом это не мешает, но чем холоднее становиться, тем сильнее чувствуешь, как могильный холод гуляет по нашим шерстяным бокам во время обеда. Игнат предлагает утеплить ватой и малярным скотчем, но возможно мы сможем\nдобиться помощи от руководства."" - комментирует ситуацию Михаил Пуговкин.\n\nНаивные каторжане своей долбильни! Нужно сразу идти в профсоюз и ссать им в наглые и зажратые морды! Глядишь и жопень будет в тепле, хотя бы частично."
"Гриша Арбайтонович вышел с месячного запоя налаживать работу конвейера на комбинате. Трубы конечно полыхают священным огнем, но работать надо, кутежи сами себя не оплатят"
"Борян внезапно завыл в каморке, когда переодевался, да так, что аж все хвосты в цехе раком встали от леденящего ужаса.\n\nЗабыл покушать из дома взять на ночную. Говорит, какак осознал - так сразу в глазах потемнело. Все приготовил, поставил контейнер в прихожей на тумбочку и в итоге проебался.\n\nЧтож, Борян, покушаешь на перерыве явы красной, да запьешь едкий дым стаканчиком бодрящей барматухи, называемой среди работяг растворимым кофе. Ладно уж, дружище, не вой, дерьмо случается. Мне жена положила две сосиски, одной поделюсь. Жить будем."
"Наша доблестная вахтерша Елена Сардинина. До ужаса строгая, но всегда справедливая.\n\nВчера устроила скандал, когда изрыгая языки перегара хотел прошмыгнуть на свое рабочее место Юрец.\n\n""Ты что, накатил пол фляги, Юрчик? А ну дыхни, скотобаза мокроносая!\nТы что, ишак дремучий, правила безопасности не читал? Не хватало нам, чтобы какого-то алкаша да с утра по раньше намотало на станок. Знаешь сколько шуму будет и проверок? Пиздец будет! А все из-за чего? Вот из-за тебя, идиота. Иди домой и проспись, не создавай нам тут неприятности."""
"Сторож баб Зина в ночной караул поймала одного залетного.\n\nХотел этот красавец понапиздить алюминия для сдачи, но получил в итоге солью в с свой воровской зад и был пойман как дешевка. Сейчас ему ничего не угрожает. Потому что его более и нет. Такая вот доля его бандитская.\n\n""Жил грешно, да умер смешно"": комментирует Зинаида."
"""Вот поднакоплю денег на курсы и уволюсь"": - говорит Максимка.\n\n- Пока что по выходным начну учить базу питона по видосикам на ютубе. Потом пойду на какие нибудь айти курсы, а через год работы программистом матушке куплю стиралку ""Вятка"", а бате рыжую семерку починю для поездки в сад.\n\nЗнаем мы эти базары, Максимильян. Выходные настанут, побежишь бесоебить, про все свои курсы айтишные и позабудешь. А с похмелья сам знаешь, не до жизненно важных решений. Будешь лежать, да бульон куриный дрожащими когтями потягивать с яичком вареным."
"""Кто, ебаный по бороде, положил сверло на 10 не в ту коробку. Ты, епта?"" - орет на меня поехавший Саныч.\n\nАлександр является пульсирующей опухолью зла в нашем добром рабочем коллективе. Постоянно ворчит и кидает предъявы, начиная с самого утра. Признаться честно, работа не сахар и когда ты пытаешься всеми\nсилами не унывать, то последнее что ты хочешь, это слушать с утра весь этот трехэтажный мат.\n\nСаня, ебучие рога, сколько же в тебе негатива! Как ты еще не скопытился от такого количества желчи, ебаный ты ирод?"
"Виталик, отпустити, пожалуйста, уж очень хочу в кабинет раздумий. Капуска тушеная в обед видимо залетела слишком яро, да не по тем шарнирам дала. Отпустите умоляю, а то ща джазу дам в кальсоны!\n\nЧто думаете? К Надьке из пошивочного хочет сбегать пощелкать усами или на самом деле шпингалеты лопнули?"
"В общем наделали мы шуму тем постом про 2 коробки кураги, которые недошли до столовой.\n\nРыблев таки прокомментировал ситуацию, понимая, что слишком уж сильный резонанс вызвал данный инцидент среди общественности.\n\n""О случившемся мне известно. Советую всем вернуться к своим непосредственным обязанностям, профильные сотрудники уже занимаются решением вопроса. Смею вас заверить, что виновные будут найдены и наказаны по всей строгости закона.""\n\nНу и? Никакой конкретики! Сказал - как в воду пернул. Уверен все на этом и закончится."
"""Как же все заебало"": - ворчит маляр Валерка.\n\nКаждый второй здесь начальник. Один пришел и говорит: ""Ты долбаеб? Делать надо вот так"". Хорошо, переделал. Потом второй пришел: ""У тебя голова есть? Делай эдак"". Вы там определитесь, что и как нужно делать, создайте план работы и введите общий технический документ, по\nкоторому все будут одинаково ишачить. Почему у вас все так неорганизованно, а долбаеб в итоге я? В общем я съебываю, живите как хотите. Подобных работ на авито, как говна за забором, ничего не потеряю."
"Степан Аркадьевич ишачил полжизни на заводе, но потом ему остопиздело, и уже в почтенном возрасте устроился на две ставки в Диксон: всю ночь разгружал тухлую курицу, а потом на кассе смотрел, штобы школота не пиздила шоколадки да всякую муть. Поэтому под вечер и расплющило чуть."
"И так. К важный новостям.\n\nДолжны были привезти 6 коробок с курагой для охлаждающего напитка, но пока груз прошел все проверки и дошел до столовой, то коробок оказалось всего 4.\n\n""Опять недостача по сухофруктам, собаки сутулые"" - орет Людка. На каком этапе подрезали сей божественный фрукт в сушеном виде нам узнать не удалось. Рыблев комментарий касательно данного инцидента дать не смог, ссылаясь на загруженный рабочий график."
"Гриша Заушкович пиликает на обед.\n\nПрошел 7 кругов ада, перед тем как наступил долгожданный час обеда. Главное помнить важное правило - лучше недоесть, чем пережрать. В противном случае можно невзначай дать храпу во время работы."
"Переутомленный пиздосик. Не нужно слов, просто поддержим парнишу."
"И куда это мы пиликаем, Егорыч? Времени еще только без пятнадцати. Ты можешь начать прибирать свое рабочее место, но ни как не хвостом махать на проходной. Слушай, дело конечно не мое, мне то до алюминиевой звезды, но если бригадир спросит где тебя носит дерьмодемон, то на следующий день у тебя будет рот полон забот."
"Один глаз спит, другой пасет Рыблева. Как эта ебасосина усатая пойдет, нужно сразу лицо умное делать, якобы не ворон считаю, а сложный математический расчет в голове провожу. Не то чтобы я призываю проебываться на работе, но ничего с собой поделать не могу. Хотел я блять в детстве на скрипку пойти, но батя не разрешил. Кто знает, может быть сейчас бы собирал полные залы в филармонии."
Вот что с котами делают ночные смены. Слабонервным не смотреть.
"постов нет, я просто на перекуре"
"А это мой друг детства Васька Ушлепкин. Месяц назад дембельнулся. Вернулся на район и давай керогазить. Говорила ему мать, Аграфена Пална: «Василий, не будь мудаком, иди учится, пока вон все поступают.» А он все бухать, да по кошкам-моромойкам шляться. Ну и итог: никуда не поступил и мать его грузчиком в КБ определила на времянку. Как думаете, есть шанс у пацана Карьеру сделать или пойдёт по наклонной?"
"Максиму Андреичу сегодня не до шуток, опять фекалку прорвало, вонища стоит аж усы заворачиваются."
Пал Юрыч и тревожные сны про минус премию.
Муниципальный инспектор по безопасности на предприятиях Марья Сергевна Молоченко. Проверяет качество проводки в кабинете у начальника завода.
"Чумазый синдикат в деле. Вышли на перекур, да усы сполоснуть прохладной водицей. Пылище такая стоит в цехе, что умываться желательно как можно чаще."
"Анатолич проверяет, везде ли хорошо силиконом промазали.\n\nГоворит: ‘’ А что вы думали, ебучие рога? Щелей быть не должно! Если заказчик позвонит и скажет что все хуйня, то ты Игнат и поедешь к нему за свои кровные, делать все так, чтобы по фен шую’’."
"Вячеслав, старый бесоеб, по ошибке пришёл в котельную, хотя планировал в котлетную. Чтож, раз пришел, работай. Как говорится - кто не курит, тот работает."
"Чумазая фотосессия для бабушки от Юрца.\n\nБабуля говорит, что всю жизнь ишачила, спины не разгибала, просила завод показать, скинуть пару фоток по вайберу. Да и дед тоже будет рад, хоть и только нахмурит свои пушистые брови. Это он всю дорогу сурового мужика из себя корчит, а в душе слезами умиления зальется, уж это вы мне поверьте."
"На заводе строят новый блок, расширяемся так сказать.\n\nСанек присел на перекур. В 10 утра дают 15 минут на кофеек, да на чибарик смолистый и забористый. Иной раз Санек смотрит на свои желтые усы и думает: ""Срежу в голодные времена, да в трубку забью. Эх, жись, хоть за хуй держись, 3 часа цемент мешал, еще 5 осталось. У каждого доля своя, по своему тяжкая и по своему благостная. Не унывайте, работяги."
У Игната утро явно не задалось
"Всем привет, меня зовут Григорий.\n\nВот вы все про заводы, предприятия разные да металлическую стружку. А вот между прочим на заправке тоже не сладко. Солнце греет ебасосину и воняешь потом как бензиновая лужа. Примите к себе в клуб анонимных въебывателей."
"Надо быть сильным, сталь с усами, да хвост боевым клином. Я должен открыть второе дыхание и продолжить выполнять свою работу. Посылка с Purina ONE, заказанная с озона, сама себя не оплатит."
"Проходи, не задерживайся. План сам себя не выполнит."
"Поммастер Димасик совсем раскис аки филе хека.\n\n""В такую погоду спать рубит пиздос. Вот бы молния шарахнула в трансформатор какой и обесточила к чертям эту ебалашку, а?""\n\nОставь свои влажные мечты при себе, Димон, и без тебя тошно."
"Сережа Сырорыбов и бесконечная пустота.\n\nВся жизнь идет как бесконечный, однообразный сон который невозможно оборвать. Будильник, пыльный цех и чай с мятой за час до сна. И снова. И снова. И снова. Может пойти продавцом в евросеть с графиком 2х2? К чему так жопу рвать, если кроме работы ты ничего более не видишь?"
"Лех, ебучий лосось, не нажимай там ничего, а то вдруг ебанет. Кабан Кабаныч прознает, усы на шуруповерт намотает. Иди лучше пол от стружки подмети, парни там сверлить закончили, а потом и до обеда пол часика останется. Съешь пару котлет да мемы посмотришь, глядишь и жизнь веселее станет."
"Машинист парового котла 4 разряда дед Василич, проверяет качество угля.\n\n""Волчары позорные, какого ястреба такая высокая влажность угля? Вы что там всем цехом решили промышленное сырье пометить чтоли? Про кого прознаю - сразу рождественские колокольчики почикаю. Будет вам мери блять христмас."""
"Димасик Гусинопаштетов вышел подышать воздухом из вонючего цеха.\n\n""Я весь день на болгарке хуярю, а вечерами дома чихаю свинцом и искрами, как оружие массового поражения. Полезно во время смены выйти и сделать глоток свежего воздуха, а то стружка из носопырки сама себя не вытащит. Если собрать все то, что я наковырял за последнюю неделю, то можно было бы переплавить в наковальню."""
"Казённая пурина уан. Спаси и сохрани эти шикарные обеды. Только благодаря им я еще терплю то, что мне режут премию за опоздания. А я живу между прочим в жопе мира, а троллейбус, сучара рогатая, может взять и не приехать. Вот просто забить болт и сиди на остановке ебальничком щелкай да яву красную потягивай. Я че сделаю-то? Хуярьте подвозку с утра. Буду как солнышко на работе, с первыми петухами (Рыблевым)."
"Не мог не поделиться. Подписчик прислал котеича с автосервиса. На столько безмерно хорош работяга, что даже кринжатуру писать не хочется к посту."
Тяжко в три смены. Даже если и молод телом и душой.
"Пал Сидорыча на проходной заменили новеньким Степой, а я как назло пропуск в куртке оставил.\n\n«Степа, ну че ты, ну знаешь же уже меня, вон там Фёдр Степаныч и Василь Мурыч припарковались езжи, подтвердят» - но Степа пока выслуживается, что-то бормочет, что здесь видеосъёмка запрещена и чтоб камеру убрал."
"Григорий Почесович на перекуре. Жмурит рыльце от недосыпа.\n\nСтранная херня - говорит Почесович. Встал в 5-20. Пришел с работы в 18-00, рубило вусмерть, но нужно было развесить сушиться рыбновые заготовки. Лег как положено в 22, сна ни в одном глазу. Как будто выпил все энергетики из пятерочки у дома.\n\nРассудите, как работать с этой ситуевиной в будущем?"
Бахнув заводской пыли:
"Что думаете, мастер пройдёт стажировку? Вроде не сильно общительный, но старается. Пытался с ним заговорить, но он только «агакает». Думается мне, что мудр не по годам и потому в бестолку не болтает."
"Кабаныч блюдет кто много ест. Кто много жрет, того и гоняет. Овощи нынче, да и мясо, знаете ли дорогие."
"Кулинарные изыски в обеденный перерыв.\n\nНе забывайте, что лучше чутка не докушать, но быть бодрячком, чем сожрать все, а потом уйти в жесткий отруб и писать объяснительную. За такие шладенькие сны ебут будь здоров. Так что держите ухи востро."
Отшлифовали Игната за проебы. Теперь всегда на проходной будет не позже 6-45. Таков путь.
"Пол дня я заставлял себя не смотреть на часы дабы смена быстрее пролетела, но когда все же решился, то оказалось что прошло 15 минут с начала рабочего дня. Это что за колдунство ебучее?"
"Сажик Маратыч. Молодец, малый.\n\nПриехал к нам в индустриальный институт по обмену, и сразу в цех на практику. Пашет так, что скоро рейтузы лопнут, а ещё и учиться успевает вон как. Правда надоел со своими манерами чайки, то сигарет у него нет, то пятака на сосису с гречей не хватает. Ну мы-то все понимаем, поможем уж, Сажику, толковый мужик из него выйдет, инженером поди будет."
"Фотографии пропитаны бесконечной грустью 12-ти часовой смены.\n\n""Не так уж это и романтично, встречать рассвет в душной курилке вонючего завода""- комментирует ситуацию разнорабочий Аркадий Грыжович."
"Чумазый обормот, Николай, складировался.\n\nОрет: ""Увозите меня отсюда вместе со следующей партией деревянной оснастки и передайте Рыблеву, что более я здесь не работаю""\n\nПонять его я могу. Толстолобиков, не человек, а ведро гнили. Вечно\nв курилке сидит, хоть бы хуй совесть взяла помочь новоиспеченному работнику. Рачков Семен в корешах с Рыблевым и потому, только ходит и машет хвостом аки револьвером. В общем, если коллектив дерьмо, так даже самая кошерная работа не в радость. Колясика в решении поддерживаю и желаю ему всего самого доброго."
"Мария Цыплятковна говорит что все починила.\n\nКак думаете, ебанет или не должно?"
"Михаил Венедиктович Сухорозжигов, внимательно следит, чтобы всякие чумазые бесоебы, на вроде Игната, не бегали в цех с цигарками. За ними нужно всегда глаз да глаз, а то гляди, погорим как поганки бледные. Будут только хвосты да ухи летать в воздухе и ни каких ссаных тряпок не хватит, чтобы потушить возгорание.\n\nСпасибо, дядь Миш, за заботу, чтобы мы без вас и делали."
"Саня Заушков в состоянии перманентного ахуя.\n\nПоставили задачу разнести бутыли для кулеров во всем здании, а до конца рабочего дня осталось всего 15 минут. Хотел после смены купить компота и балдежно пройтись пешкодрапом до своей халупы, но после такого нервяка придётся в КБ идти за сливовой настойкой. Никакого покоя в этой жизни, ебучие рога."
"Семён Сергеевич, инженер АСУ на нашем производстве.\n\nУважаемый между прочем человек, даже сам Рыблев при нем сильно хвост свой не пушит, ибо знает, без него вся автоматика на заводе встанет.\n\nПотому и ходит Семён Сергеевич и лицезреет на все своим\nфирменным суровым прищуром. Но не смотря на это, в курилке он душа компании, и даже не смотря, что он белый воротничок и в высоких кругах вращается, с работягами нос не задирает и ведёт себя ровно. Потому и уважаем."
"Игорь Николаевич выходит на пенсию.\n\nЗабирают его на вечные халявные корма и почесы за ухом. Не много грустно ему, но понимает, ишачить уже не тот возраст, да и пора бы уже посвятить время себе. Прошли те дни, когда лязг станков будоражил кровь, сейчас уже больше о вечном и мудром. Кефир, шахматы, да путассу с\nгеркулесом. Молодняк пусть поработает, а Никалаичу сейчас нужно встретит новую и ранее неизвестную, беззаботную главу своей жизни.\n\nПлакали всем цехом."
"Лешик Сызранев говорит: ""Сделайте меня два, чтобы одна половинка меня работала в дневную смену, а вторая в ночную.""\n\n- Вот тогда-то я и заживу, ебать мой лысый череп! Буду есть салаты из кукурузы, бате четырку починю, да керамический гриль куплю и поставлю на бабулины 8 соток. Краба попробовать еще всегда хотел. Камчатского. Наверно вкусный, падла. Режь."
Молодого практиканта Мишку с местного ПТУ отправили на стройку. Мастер Василич дает уроки мастерства укладки плитки и курения сигарет
"Пришли на время каникул поработать к нам Егор и Серега. Предложили им непыльную работенку по знакомству. Тот что справа, сын Людки поварихи, она их сюда и притащила.\n\nПацаны хотят новые найки, а мы только рады пойти им навстречу. Всегда уважал таких ребят. Сразу видно, хорошие мужички растут, а не эти: ""\nну мам, купи..."".\n\nПодрастут, будут самые завидные женихи в нашем Усть-Зажопинске, уж поверьте мне. Эту благородную породу ни с чем не спутать."
"У работяги нет цели, только будильник в 6-30.\n\nИз трактата «Записи о Игнате в листве» Ямкомпото Курагцунэ. 1709 год."
Проёба Олежа Полосатиков. Родом из славного города Таганрог.\n\nМинус премия или пусть катает объяснительную?
"Роман Дмитрич вчера у друга новое корыто из под деда обмывал, приперся пьяный.\n\nНачал всех жизни учить, мешаться под ногами. Потом полез к Надьке упаковщице целоваться, да своими усами вонючими и пропитыми уши ей щекотать. Послали его домой проспаться. Завтра наверно сгорит от стыда полосатый бесоёб."
"Юрец не выдержал и уволился с завода. Предлагает теперь бесоёбские услуги по цене ниже рынка.\n\nГоворит, что устал довольствоваться малым, хочет жизнь не много на вкус прочухать, а для этого нужны бабулесики. На предприятии ни времени на жизнь не было, ни денег особо. Надеется, что фортуна улыбнется\nего усам и он заживет в полный рост. Наконец сможет себе позволить приличный отдых в Анапе с жареной кукурузой, да и родителям стареньким тоже нужно помочь деньгой. Пенсия у них знаете ли такое себе, больше похожа на хуевую шутку."
"Пиликает на обед. Сегодня дают кашу гречневую с луком и салат ""Столичный"" с курицей.\n\nМясо в виде котлеты на пару тоже имеется в меню, но лучше обменять на еще один салат у Геннадия Сергеевича. На вид и вкус котлета не вызывает доверия, не дай бог потом еще бзданешь подливой у станка, придется от стыда завод менять. В общем лучше еще один салатик."
"Работяги, этим прекрасным субботним утром я тепло приветствую вас в данном паблике.\nХотел напомнить, что я также веду канал с работягами в телеге, так что кому удобнее там, залетайте - https://t.me/rabotyagikoti\n\n+ там я выкладываю больше постов и некоторые из них в вк\nпубликовать не буду. Так что за добавкой туда.\n\n(ура телеграму)"
Угрюмая и молчаливая ночная смена. Зато с окна веет свежестью и жить как-то легче. Надежда что ли какая-то теплится в груди.
"Володя Рыблев, усатая скотобаза, отчитывает стажера Игната за то, что тот запорол деталь на станке.\n\nА что ты стоял-то весь день и дышал в затылок, ебучка хвостатая? Игнат парниша способный, но разволновался, из-за того, что ты стоял над душой. Когда на расслабоне, все схватывается и работа кипит, а вот когда\nтакие как ты ебут спину взглядом, так все из рук и валится.\n\nТы бы лучше шел, Рыблев, и перегородки в туалете установил. А то в обеденный перерыв сидим в линию, держась за руки и тужим булки. Не туалет, а какое-то фекально-лебединое озере."
"Леха Карасиков ходит и грустит.\n\nДо обеда еще далеко, но по ощущениям, что пора уже вообще домой идти. Работа совсем не в радость и не в сладость. Лешка встал сегодня не с того хвоста, вот все и идет ему по перек горла. Могу лишь сказать, что все пройдет. И печаль и радость. Прими мое молчаливое соболезнование, бригадир компотных дел. Завтра будет лучше."
"Эт Олег, усатый полосатый бесоеб. Тыкает в свои две-три кнопки и ему еще за это платят. Не густо конечно, но ебучие рога, работы-то на пол шишечки. Надо понимать.\n\nКак же тут за него не порадоваться? На напитки из черноголовки хватает и слава заводу. Котовьих поменьше нет, супруги тоже. Куда больно\nтратиться холостяку? Раз в год дыряво-носковый гардероб обновил, а остальное потратил в угоду чревоугодию. Не жизнь, а чисто кайфусики. Я просто похлопаю."
Вот это его жмыхнуло от ночной смены. Чем будем в чувства приводить?
"Старый морской лев Кузьма Витальевич передаёт привет со своего ржавого корыта.\n\nТрудно пересчитать по пальцам сколько он стран посетил.\nСколько он компотов перепробовал: японский, корейский, сингапурский, китайский, но все они не смогут переплюнуть родной курагиновый компот из Россиюшки. Поскорее бы опять попробовать компота бабы Зины..."
"КлючНа38 вернулся сообщить, что у него все хорошо. Вчера выдали отпускные, потратит на новые рыболовные снасти."
"Иринка Пална любит меня всей душой и постоянно зовет с собой в курилку дабы веселее было. Обычно она одним ушком заглядывает ко мне в коморку и орет: ""Ну шо, Виталь, пошли буди покурим. Работа не хуй, постоит!""\n\nИзначально, когда я только пришел работать, мы невзлюбили друг друга. Потом как-то на корпоративе слово за слово, водкой по столу, разговорились и с тех пор ходим курить вместе. Хорошая баба."
коты уехали жить в деревню\n21 Jun 2022 at 10:12 am
"Тяжелая работа его облагородит, сделает настоящим мужиком"
"Жорик. Можно Жора.\n\nЧестный трудяга и просто приятный сердцу собеседник. О себе Жорик много не рассказывает, больше предпочитает слушать. С советами не лезет, не осуждает, а просто дает возможность высказаться. Иной раз именно такого и не хватает, когда требуется излить душу без всякого мнения со\nстороны. При первом знакомстве сложилось весьма светлое впечатление об этом работяге, но и при этом достаточно загадочное. При попытке больше узнать из жизни Жорика он начинает отмахиваться. Говорит: ""Ой, да чо там рассказывать. Я такой же обычный парень из спального района, коих в нашем городе каждый второй, похвастаться нечем"".\n\nСкромняга. Уверен, что вытащив его в субботу на стакан ряженки, он поведает такие истории, о которых в будущем сложат легенды и напишут песни. Подсказывает мне сердце, что Жора повидал более всех нас вместе взятых и потому иной раз по умному молчалив, а в глазах умиротворение и понимание."
"Степан Геннадьевич сегодня сынишку на работу привёл.\n\nГоворит: жена в командировке, не с кем оставить. Зовут Антошка. Бойкий малый и рукастый — пока подсобку монтировал, он рядом тёрся и помощь предлагал, а до этого по всему цеху бегал, искал, куда себя приспособить. Умаялся, бедняга, да так и уснул без задних ног прямо при мне во время\nперерыва.\n\nСхожу ему за булкой с компотом. Заслужил, всё-таки. Степан в воспитании толк знает: мужичок растёт."
"ПОБЕДИТЕЛЮ В СОЦИАЛИСТИЧЕСКОМ СОРЕВНОВАНИИ В ЧЕСТЬ 100 ЛЕТИЯ ПРЕДПРИЯТИЯ.\n\nЯ вам скажу, в чем Игорь Анатольевич на самом деле победил. В скорости занимания очереди в столовке. Говорит: ""Это очень важно, из хлеба мне нужны только корочки, чтобы натирать их чесноком. Вы свой мякиш сами\nкушайте, я же хочу отрывать кусман зубами, как хищник отрывает от куска свежего мяса"".\n\nКакой он там хищник? Сидел бы и не скрипел жопой да ел свою путассу с геркулесовой крупой. Посмотрите, какой лев у нас тут нарисовался."
"У Авдотьи Васильевны выдался не самый удачный день:\n\nНадька с пошивочного цеха нагрубила с утра, потом Рыблев премию подрезал за невыполнение плана, да еще и муж забыл овощей к ужину купить. А так хочется всего лишь один день ни о чем не думать и просто жарить куриные крылышки в меду на своем участке 6 соток.\nПечальная женская доля.\n\nРаботяги, поддержим Авдотью. Ведь так или иначе, ночь пройдет, наступит утро ясное. Все образумится, завтра последний рабочий день. А там и выходные с крылышками. В меду."
"Обеденный час на кирпичном заводе. Павел Окунев является сотрудником в цеху производства керамического кирпича.\n\nОкунев передает всем обеденные напутствия: ""Главное заранее все подготовить к обеду, дабы по бырому перекусить, а после оставшиеся время покемарить. Если еду вы приносите с собой, то успевайте ближе к обеду\nнесколько раз забежать в каморку и сделать пару смачных кусь, чтобы в законный перерыв меньше тратить времени на еду.""\n\nСпасибо, Павлик, лишние 15 минут сна еще ни кому не вредили."
"Любители компота из сушеных яблок, Валера и Колясик, ждут поставки материала для продолжения работы.\n\nСпорят о том, у кого хватит смелости приударить за Валькой с проходной. Все это конечно хорошо, только вот они не в курсе, что уже как 2 недели Рыблев лично подвозит ее до дома на своей боевой классике.\nКонечно ни все так однозначно, но это определенно заноза в заднице при таких раскладах. Лучше бы на Людку повариху внимание обратили. Она скромна и аппетитна, да и всегда при мешке картохи. С такой в голодный год не пропадешь, из говна и палок поляну накроет, а это уметь еще надо."
"Дядь Толя и Игнат стажер.\n\nДядь Толя обучает стажера всем премудростям рабочим, но так как уже старый, часто на полуслове в отруб уходит жесткий. Снятся ему молодые годы, как ездил в санатории-профилактории от завода «Запорожсталь»... Красота. Месяц райских садов, бесплатных котлет из хлеба, портвейна и\nзаигрывания с противоположным полом. Все эти дамочки были суровыми. Приезжали сюда поправить здоровье, да предаться отдыху в дали от лязга станков... Бывает вечером выйдешь на прогулку, смотришь, а кругом одни боярыни, ни разу ни работяги. Белые платья в горошек, руки как мрамор, плечи блестят при луне... Как будто и у станка минуты не стояли, одни дочери самого апостола Петра...Стоит Толян, ебальничком хлопает, да греет левой рукой портвейн...\n\nБывает проснется дядь Толя в поту и слеза скупая...Что-то да было проебано в свое время, а что не знает и сам Толян. Только знают наши, что в этот день он идет с работы другим путем...А домой ли вообще, это совсем другая история..."
"Услышал сегодня такой разговор в авто-мастерской:\n\n""Слушай, я устал. Я проверил двигатель, трансмиссию, ходовую. Есть какие-то подтеки и посторонние жидкости, но я не понимаю, почему его некро-ведро чихает и троит. Давай скажем мол за диагностику 6400 и восстановлению не подлежит? Отправим к Гоге перекупу, продаст ему лошадь за не дорого, а дальше пусть сами разбираются."""
"Беспробудная серость в коморке. С утра так всегда. Света мало, недосып, проебаный автобус, пролитое кофе на чистые штаны. Главное не наводить кипишь, так как известно, завтра всегда будет лучше. Всем трудягам кидаю краба, а проёбам краба вдвойне. Ибо мое уважение проёбам, умел бы также, хуй бы работал. А сейчас пора мне в ночную. Мир."
"Я все конечно понимаю, но это уже край, вилы. Так нагло ни кто еще в данном паблике не проебывался.\n\nТимофей Лактозов переев в обед гречи с подливой не смог даже закончить одну палету. На ней и ушел в жесткий отруб. Как говорила моя мама: ""Жадность фраера сгубила"". Как думаете, всучит ему Рыблев минус премию или отделается объяснительной?"
"Это Геннадий Окунев. Любимый всеми кладовщик. Мужики его любят за пошлые анекдоты в курилке, а начальство за то, что всегда у него на складе порядок. К делу подходит крайне ответственно, даже моток синей изоленты у него не спиздить, всегда держит хвост на страже порядка.\n\nЕдинственное, раз в год уходит в запой на две недели в январе,\nпосле нового года, но к этому уже все привыкли. Один хуй в начале января работы особо нет. Главное, чтобы жена во время скорую вызвала, дабы прокапали, а остальное само выправится."
"Толстолобиков просрочил квартплату в прошлом месяце, теперь сычует в рабочей коморке вторую неделю.\n\nЕсли бы ты, ебучие рога, не запорол ту партию на покраске, была бы и премия и хата."
"Грустный вахтовик, мальчик молодой"
"мало кто знает, но в этом паблике коты у меня ишачат, но также есть у меня паблик где они у меня отдыхают))\n\n(шиза)"
"Разлегся бармоглот усатый. План с такими проёбами мы точно в срок не выполним. Рыблев будет так орать в конце смены, что усы раком повстают у всего коллектива. Мои рекомендации - съебать в курилку когда он придет. Других вариантов нет."
"Друзья, мы здесь всё шутки шутим, но есть и важные события, которые мы не можем обойти стороной.\n\nВозвращаемся к важным новостям. Чумазый синдикат проводит проверку по вопросам качества литья. На фото они уже ""напроверялись"" и принялись заниматься приборкой помещения своими наливными боками, набитыми в столовке нежнейшими тефтелями. Дай бог каждому в цех такой сплоченный коллектив. Да прибудет с вами премия, юные работяги."
Чо каску не одел? Объяснительная или минус премия?
"""День не задался с самого утра, когда перед выходом на работу я не успел покакать с цигаркой. Дальше хуже. Проблемы валились на голову по нарастающей. Сейчас только вышел от Рыблева, порезал мне премию за опоздание, в рот ему теплоход. Именно по этому весь день я хожу с кислым ебальничком. Понимаешь или нет?"" - говорит Матвей агрессивно шевеля прокуренными усами."
"Знакомьтесь. Это Аркаша. Пришел к нам работать специалистом по промышленной безопасности подъемных сооружений. Только с учаги, еще горяченький и с амбициями.\n\nНо ни чо, пройдут года и поймет, что весел лишь тот, кто не спешит. Иной раз физическое и психологическое здоровье дороже, чем какая-то мелочная прибавка к премии."
"Анатолий Петрович устроил сладкие потягушечки сразу после обеда. А чего бы их не устроить, если рыбовые тефтели сегодня особо хрустящие, компот как никогда сладкий, а на улице наконец тепло. Да и четверг - это маленькая пятница в конце концов.\n\nСейчас поправит каску, подмигнёт баярыням с формовочного, и дальше работать на благо завода. А там и выходные не за горами."
"Смена в радость, аванс в сладость!\n\nЗнакомьтесь. Это Батон. Он же Хлеб. По трудовой Хлебыч. По знаку зодиака рыбы. По вечерам в говно.\n\nСутулый работник автомастерской. Любит солярку, трансмиссию и домино. Всегда радостно хуярит хвостом по столу выигрывая очередную азартную партию на стакан компота."
"Серега сегодня жаловался:\n\n""Ишачу как псина, с 7 до 19. График богомерзкий, усами клянусь. К концу смены ноги сворачивает в трубочку в этих неудобных рабочих ботинках так сильно, что в рот того компот. Я даже забываю по пути домой забежать в КиБ за напитками из черноголовки. Буду искать сидячую работу. С моим плоскостопием такая работа сплошное блевотное ведрище"""
"Пал Юрыч в свой единственный выходной решил отремонтировать наконец старого стального коня.\n\n-Что, пиздюк, строчишь опять в своем телефоне? Подай ка лучше ключ на 16!"
"Утро начинается с приветствия коллег. Тот что левее, Матвей, все еще спит и ни как не может раздуплиться. Матвею обычно нужно литра два растворимого кофе, чтобы понять, где он, кто он и откуда пришел. В таком тумане и проходит молодость Матвея."
"Прошу любить и жаловать. Старший оператор котельной.\n\nСтрого следит за тем, что бы душевное тепло не остывало."
"Дядь Толя выдал сегодня мне монолог в курилке:\n\n""Иной раз батрачишь в этих чертогах дьявола, вся носопырка сажей забита, кругом непроглядная тьма, уныние, звон инструмента и монотонные голоса работяг... А потом лучик весеннего солнца через форточку на станок упадет и вроде жить можно...И вроде планы на выходные есть, да и кредит за ремонт почти закрыл...Да и Рыблев...Вроде... Не такой уж и говноед..."""
"Людка после вчерашнего не может вклиниться в рабочую волну. Так лапами лупила танцпол на корпоративе, как будто только закончила ПТУ и горестей жизненных еще не хлебала. Толстолобиков учтиво предложил довезти ее до дома после этого балагана, так она все рыбные тефтели срыгнула ему на переднее сиденье боевой классики.\n\nНичего, Людк. Было и было."
"Петька устроился в местную шиномонтажку, но кто ж знал, что ишачить надо будет. Думал присядет в каморке, да под компот с цигаркой смена и пролетит, но сами знаете, кто там плавал..."
"Андрей Михалыч уже который год работает в коллективе с одними баранами. Устал, по нему видно."
Спелые Игнаты.\n\nПоддержим кандидатов на сокращение
"""Наконец-то это ведро с болтами отправится на переплавку"" - думает довольный Аркадий Осетров. Но Марьяна Котовна так не считает, и даёт указание откапиталить всё до конца этого месяца, ибо ей нужна премия на новый сиреневый ошейник.\n\nБорян с ремонтного участка понимает, что не попьёт куражного компота с пацанами на выходных и находится по этой причине в перманентном ахуе."
"Эт наша глубоко уважаемая Анна Олеговна.\nВремя подходит к концу смены и Анютка ждет, когда можно будет надеть свои подкрадули и убежать по магазинам, как ни как выдали аванс. Главное не забыть забежать в фикс прайс, чтобы закупиться впрок бычками в томате. Черт его знает сколько за электричество набежало в этом месяце, надо быть уверенной, что не придется голодать.\n\nБычки конечно больше похожи на биологическое оружие, но с корочкой черного очень даже сносно."
"Саныч говорит, что 9 лет своей жизни отдал этому сервису, а молодые слесаря раздражают как и раньше"
"Это тот самый работяга, который спрашивает на обеде: ""Пампушку чесночную будешь? Ну я тогда возьму...с компотом съем""\n\nТак и растут наливные бока, так и появляется одышка во время завязывания ботинок..."
"Этот взгляд как бы говорит нам, что чердак потек от переработок"
"Это Всеволод Судаков. Важная шишка на нашем производстве. Не знаю, чем он точно занимается, но складывается впечатление, что только режет премии работягам.\n\n""Целый завод работает, чтобы вы могли прийти сюда и заработать бабулесик. А содержать завод это знаете как дорого? Поэтому и зарплаты у вас днищенские"" - говорит Всеволод.\n\nТак себе аргумент, шляпа ты усатая."
"Знакомьтесь, Борян Петрович.\n\nЕсли по правде, то его имени никто до сих пор не знает, ведь всякий работник склада называет его как ему хочется. Этот малый чумазик несёт на себе тяготы непростой работящей жизни. Принимает каждый день поставки и негодует с расхождениями в накладной. Также очень любит забирать просрочку домой."
"Вышли вот работяги на перекур. Ругаются сидят, что погода срань сраная. Оделся по погоде, в итоге весь день выгуливаешь курточку в руках. Не одел куртку, после завода еле до дома допиликал, все усы сосульками.\n\nЛето, ты чо, ебобо?"
"Игнат с Матвеем торопятся занять очередь в столовке. Если приходишь последний, то половину стакана наваливают разваренной кураги, вместо божественного компота. Вдруг тефтелькой поперхнешься, пиши пропало.\n\nХорошо если товарищи поймут в чем дело и по спине хвостами начнут хуярить чтобы тефтельку срыгнуть. В общем, кругом опасности на производстве. Берегите себя."
"Степановна выписывает премию любимым подписчикам паблика ""коты ишачат на заводе"""
"А наша Ленка с чесальных в декрет ушла. Ибо нехуй было с Ванькой со второй смены в текстропную бегать ночами, что ремней не видела ё-маё? Папаня бегает уже места им рабочие присматривает, грит: ""А то че, блин, будут у мамки на сиське до старости висеть? У нас вон слесарей как пальцев у Сани Кривостопова, хуй да нихуя, будут батьке помогать, подряд семейный замутим""."
"Бригадир механического участка Геннадий Палыч нашёл место, где замутить привал.\n- Втулка привалочная? Да. Так в чем проблема? - пояснил он мастеру Евгению Санычу"
"Знакомьтесь, это Валера.\n\nРаботяга с понурым лицом. Постоянно ворчит и ни когда не желает доброго утра. Даже после смены не прощается. Один негатив от него. Порезать бы ему усяндры, чтобы знал, где курага зимует."
"Чумазые турбиностроители из Питера.\n\nРаботяги чот слишком грустные. Завтра пошлю проверку на завод, чтобы выяснили, на каком этапе ишачинья они огорчаются. Вроде столько праздничных было, должны свеженькие быть, да бодрячком. Складывается ощущение, что они не с праздников вышли, а год без перерыва кроссовки шили в подвале какой нибудь Китайской провинции. Поддержим работяг."
"Ну и что это за ебучие рога? Передайте срочно этому нарезному батону, чтобы объяснительная лежала у меня на столе до обеда!\n\nСпать надо было ночью, а не обзоры на маринады для шашлыков смотреть на ютубчике."
"Людк Павловна, вот смотри, 4 смены в ночную, 3 с переработкой, здесь еще в свои законные выходные несколько раз подменил Юрца... Ты мне что насчитала? Перепроверь, пожалуйста, пока я не заплакал..."
"Массовый бунт на заводе. Надежный источник сообщил, что работяги бастуют узнав от поварихи Людки о том, что завод переходит с наваристого компота из кураги на порошковое говнецо.\n\nРыблев хотел сэкономить на работягах? Он это получит. Ему не нужно будет выдавать зарплату работягам, если они все уйдут на производство конкурента."
"После выхода на смену с праздников, Петр даже не смог со мной поздороваться.\n\nЧтож. Удачи тебе на 12-ти часовой смене, Петруччо. Будешь знать, какого это клыки в стакане полоскать до 5 утра."
"""Эту палку на себя, тот рычаг направо.."" - бубнит под нос чумазый обормот.\n\nВышел в ночную, Аркаша Усиков, хоть сегодня и праздник. Говорит мол дома скучно сидеть, а сам не пьет, так как от водки забрало падает, начинает ссать по углам."
"Приуныли. Говорят на упаковке чердак течет. Когда 12 часов заматываешь пленкой коробки, хочется бросить все и упиликать жить в лес."
Пивовар Леня Дрожжев на чиле на расслабоне
"Толстолобиков сидит и орет. Говорит, что проебал обеденные тефтели Гришане в домино.\n\n""Видел как эта пучеглазая тварь из-за ушка одну доминоху достал, это и повлияло на исход битвы""\n\nТолстолобиков, ебать мой лысый череп! После боя, как говорится, когтями не машут. Придется отдать тефтели. Жуй теперь один гарнир, мамонт ты стерилизованный."
"Чумазый синдикат в деле. А делают они то, что у них лучше всего получается - проёбываются. Надо им премии почикать, как им когда-то почикали яйки, совсем по другому усами начнут шевелить.\n\nНе ну а чо? Пиздеть не мешки ворочать, да и не за это им платят. Пусть пиликают выполнять свои обязанности."
"Игнат проходит инструктаж. Схватывает все на лету, но видно, что еще бесноватый. Все поглядывает на боярынь в пошивочном цеху, а нужно смотреть, чтобы в станок не замотало."
"Кто я? Безрадостная машина по переработке рыбновых в энергию, дабы в последствии поглотить еще больше рыбновых? Или я тонкая душа, созидатель и творец?\n\n""Надо было идти в художку, а не в ПТУ..."" - Депрессивно рассуждает Ипполит Уссов."
"Как же я люблю инженеров по охране труда на ТЭЦ. Вот они слева направо. Денисыч, Петр, Мария Компотских и стажер Олег."
"""Я еще раз спрашиваю, какой бармаглот распидарасил колесо?"" - Орал завхоз Сергей Палыч. Рвал шерсть на яйцах и хуярил хвостом по полу так, что штукатурка на залысину Толяна посыпалась.\n\nТак-то распидарасил Игнат, сучий выродок, но мы его не сдали. Молодой да неумелый. За колесо пояснили. Сказал что усвоил урок."
"Младший научный сотрудник, Вениамин Толстолобиков, сообщает, что вакцина против инфекционной палочки Anuszapekanus на стадии завершения.\n\nВ ближайшем будущем, имея справку о вакцине, вы сможете без ограничений покупать рыбновые полуфабрикаты не боясь за свое здоровье (свою жопу)."
"Это Андрюха, голова два уха. Хуярит на шлифовке и полировке деталей.\n\nДо конца смены осталось 15 минут, а он уже прибрал рабочее место, все выключил и только делает вид, что продолжает ишачить. По факту же сидит клык полирует пастой гои.\n\nВ целом за Андрюху только добро слышал. Бабоньки из пошивочного цеха поговаривают, что он тот еще пупсич, верю на слово."
Ну что это за чумазая ебатория. Стыдно должно быть в цеху появляться.\n\nГнать его в чан с жидким мылом или подрезать морс брусничный в столовке?
"Теть Валя повариха, пристроила своего оболтуса на предприятие, но малой не вывозит. Орет как ошалевшая на работяг, что грузят её малютку ягодку сверх нормы.\n\nТеть Валь, ну ебаный по бороде. Нам же платят одинаково? Одинаково. Ну и ишачим мы тоже поровну. Так что не урчи, дорогая, все по чесноку."
"Кто празднику рад, тот накануне уже компотом нахуярился. Дал ты жару, конечно, Иннокентий Кириллович. Ты ж, едрить тебя через рыбовый хребет, начальник! Что за пример для работяг? Уж если ты ещё до майских уже брюхом кверху лежишь, то они и подавно в запой уйдут, ещё неделю будут лапы трястись. Ну пиздец."
"Майские шашлындосы от профсоюза. Как и обещали, ненапиздели"
"Егорыч в ахуе от пыли в столряном цеху. Говорит к концу смены так нос забивает, что не чует ни запаха компота из кураги ни светлого будущего.\n\nПонаставили циклонов, но пиздосам невдомек, что они работают только если их включать. Злоебучая пыль настигает даже в каптерке, а профсоюзу есть дело только до шашлыков на майские."
"Это Илья Андреич. Работяга заебаный, но хороший. Надо ему выбить себе путевку в Кисловодск от профсоюза. В санатории бока помнут - сразу все мысли дурные уйдут. Главное сильнее хвостом по столу хуярить, чтобы дней больше дали."
"Пришел стажер к нам на завод. Молодой, не опытный, а взгляд больно уж хитровыебанный. Он мне сразу пиздец как не понравился.\n\nЯ Рыблеву в обед сказал: ""Володь, у него ебало-то протокольное. Запроси справку о судимости. Поди сидел 8 раз по 2 суток за кражу сухофруктов для компота, так нахуй нам такой красавец нужен."""
"Костян тут сообщил, что четырки пацанские чинить сил больше нет. Говорит хочет купить какие-то IT-курсы и заняться программированием.\n\nЧо это он завыебывался? А как же кружка крепкой принцессы Гиты с Толяном по утру? Нихуя не ценит, чумазый обормот."
"Это Гошан. Разнорабочий на нашем производстве.\n\n""Андрюх, в рот мне теплоход, подсоби палетину сраную дотащить. Чувствую скоро протрузию усов заработаю""\n\nВот так коты в 20 уже чувствуют себя на 60. Не ишачьте пацаны, вы матерям еще нужны."
"Это теплотехник Степан. Он занимается техническим обслуживанием и эксплуатацией оборудования систем тепловодогазоснабжения.\n\nПарниша ленивый, но сука душевный. Работать с ним один нервяк, зато устроить в пятницу бар-тур, как нехуй делать. И душевно поговорить под коньячок может и вторым пилотом при знакомстве в баре не подведет. В общем, компота с ним не сваришь, но побесоёбить на выходных лучшая кандидатура."
"Многие периодически спрашивают, как дела у КлючаНа38. Да хорошо у него все, хуярит как шакал горбатый и выглядит соответствующе.\n\nРазнообразие гарниров в столовке, наваристый компот или морс на выбор и одобрительный взгляд мастера. Что еще нужно КлючуНа38?\n\n""Не жизнь, а райские сады. Мое сердечко навсегда занято вонючим цехом"" - говорит КлючНа38."
"Сергей Анатолич следит за тем, чтобы все это горе предприятие не взлетело на воздух. А то работают, с его слов, понимаешь ли, одни распиздяи.\n\nДядь Сереж, не урчи. Работаем по чесноку, какие предъявы? Будешь линию свою гнилую гнуть, работяги обозлятся. Вряд ли кто тебе будет рад на майских шашлындосах от профсоюза. Будешь как не родной у одинокой березки стоять."
"Михаил Осетрович пришел сегодня с утра отпрашиваться. Говорит: ""Вчера чебупели ел острые, пол ночи полоскало, да из обоих глушителей. Отпусти, начальник, домой за свой счет. Не вывожу, чес слово.""\n\nА от самого хуярит спиртягой на всю округу и ноги еле держат. Эх, Мишка, голова да шишка... Комуж ты врешь про чебупели, пидормот ты загульный..."
"На днях Ольга Сергеевна позировала для фотографии на доску почета, но в кадр залез своим огромным кабинетом Олег и все испортил."
"Савелий с позором убегает от камеры. Был застукан на месте преступления. На протяжении долгого времени пиздил себе домой разный рабочий расходник. В этот раз хотел скоммуниздить два мотка синей изоленты, но был пойман за руку как дешевка."
"Коллеги, внимание! В течении ближайшего получаса я собираюсь бесоёбить как полоумный. Повторяю, как полоумный!"
"Это Котов Алексей Максимович. Ответственный за гидравлический пресс.\n\nБля, до чего же он супер мега хорош. Вот смотрю на него и сразу возникает желание позвонить всем друзьям, чтобы сообщить, как я их люблю.\n\nСвиной шницель и гречку с морсом за мой счет этому стахановцу. Это меньшее, что я могу для него сделать."
"Я Саньку говорю, мол, давай батрачить, у нас до обеда рот полон забот. Бери ебучий ключ и погнали в прекрасное трудовое.\n\nА Санек: ""Работа не хуй, постоит...""\n\nБежать ныть начальству как-то не по братски я считаю, но поднасрать ему хочется. Может в обед перца острого нахуярить в компот, пусть ебальничек треснет на две части."
"Полное несоблюдение техники безопасности!\n\nИгнат беспечно ебанул ""хоба"" во время смены, не понимая к каким последствиям на предприятии может привести такая безалаберность! На ковер уже вызван, Рыблев с него спросит за такое самодурство и поделом!"
"Гришань, ехай нахуй скорее! Времени уже 18:12, конец смены! Сейчас Рыблев поди придет, начнется ёбка головы на пол часа. Здесь стружка, там хуюжка, деталь кривая, да поди еще и ебалом не вышел. Все, давай, по бырому. Через 20 минут у КБ пересечемся."
"Машинистка Любовь Петровна привела на стажировку сыночку Вадима, только закончившего приписное ПТУ.\n\nЗамаялся после первой смены. Но ничего, привыкнет. Завтра еще с Игнатом познакомится, будут в два смычка проебываться в пошивочном цеху. Главное мать не опозорить перед начальством, а остальное вертись оно все на на тухлом карасе."
"Давно в ленте не было Володи Рыблева. Так вот, докладываю. Он все также важная шишка при барском окладе. На станке 24\\7 не хуярит, но как сам утверждает, что занят не менее важными делами.\n\nХуй его знает, чем он там занят, но после обеда стабильно закрывается в кабинете и ни кого не принимает. Иногда выйдет домой, еле усы волочет по полу, видно что нахуярился в нулину. Ладно, не мое это дело, пойду я лучше ишачить, денежка пиздежом не заработается."
"Вот сидим с Тарасом Борисычем на перекуре, потягиваем цигарки. Он в обед нежнейших рыбновых хуярил, с пюрехой и корочкой черного хлеба, а я риса бахнул с чесночной пампушкой и салатик весенний.\n\nРабота совсем не идет. На улице такая благодать. Хочется шашлындосы жарить на своем участке 3 сотки, а не вот эта вот хуябора пыльная."
"Это Воронцов Сергей Николаевич. Он ответственный за противопожарное состояние помещения. Блюдет чтобы у рабочих от переработок жопы не горели и в нужный час тушит их прохладным компотом из сушеных яблок.\n\nСпасибо вам, Сергей Николаич, за вашу работу и заботу."
"Валерий Осетров в ахуе. ""Туда приедь, то отвези, да ещё и орут за ожидание. Ебись бы оно все трехфазным током"": негодует он.\n\n""Ещё полгодика и точно по собственному""- сам себе говорит Валера, но мы то знаем, что Валерка тот ещё чумазый обормот и с насиженного места вряд ли свалит."
"Приуныл, Григорий Вениаминович, забыв что сегодня среда. А среда это маленькая пятница, можно и после работы с Игнатом в сквере каберне совиньон попить."
"Галина Паловна, регулировщица дорожного движения на складе, пребывает в полном ахуе от количества поставок в ночь и нарушений логистических норм.\n\nХуевертит начальство за столь неслаженную работу."
грязекраб заслуженно отдыхает
"За данную работницу знаю мало. Единственное, что мне сказали мужики, помогает гнуть арматуру. По моему еще знает много анекдотов про старых евреев, но это не точно.\n\nТаки шо принимайте в коллектив, друзья, а то сидят хлопают честными глазами аки никогда в жизни и гвоздя с предприятия не спиздили."
"Эта дамочка работает на нефтяном объекте. Почему она решила отобедать в 9-45, а не по графику, одному блять дьяволу известно! Глаза-то виноватые и осознающие, да только проеб уже не первый.\n\nНу шо, режем премию или объяснительная?"
Не хочет уходить с перекура обратно ишачить и невыносимо страдает\n\nПонимаю
"Начальница участка Юлия Альбертовна замаялась. Толкала речь работягам, оповещая, что нужно вступить в заводской телеграм канал, дабы не пропустить инфу по майским праздникам.\n\nнаш телеграм канал: https://t.me/rabotyagikoti"
"Столяр Василий зовёт на перекур.\n\nПохуярили как шакалы, можно и на крылечке булки весенним лучиком погреть. Да и перетянуться честерфилдом синим."
"Это Мария Карпатская. Можно просто Маша.\n\nМашка лицо завода. Всегда чистая, опрятная, пунктуальная и ответственная. При всех выдающихся качествах очень скромна.\n\nВолодя Рыблев зазывал ее на повышение квалификации, чтобы перевести на более оплачиваемое местечко, но Маша лишь скромно сказала: ""Всех денег не заработаешь, мне и тут нравится."""
"Старший научный сотрудник Всеволод Когтев докладывает: ""Сейчас рано говорить о прорыве в борьбе с кишечной палочкой AnusZapekanus. Пока что воздержитесь от рыбновых полуфабрикатов"".\n\nХорошо, дядь Сев. Буду хуярить один сельдерей. Лучше так, чем унитазное цунами."
"Минутка знакомства с нашим коллективом. Это Иннокентий Кириллович и Надюха.\n\nИннокентий собственной персоной совершает обход цеха после смены. Важный гребень одним словом. Работяги за пять минут до конца рабочего дня уже на проходной толпятся, одна Надюха хуярит за троих на погрузчике без продыху и перерыва на рыбновые тефтели."
Охуел от ночных смен. Помянем психику пацана.
"Игнат первый день на рабочем месте.\n\nГоворит: ""Я ничего не понимаю. Почему все так сложно? Леха Рыблевских говорил мол рас рас и готово рас рас и готово. Типо работа нехуй делать.""\n\nЭх, Игнатик. Так везде по первой. Сначала в ахуе от нагрузки, но спустя время понимаешь, как выстроить рабочий процесс. В итоге и чибарик на толкане воздымить успеваешь и Надьке из пошивочного цеха бросить томный взгляд. Все наладится."
"У Николая Федоровича и Людмилы Степановны появились разногласия при ведении бухгалтерского учёта. Разосрались в край. Хуярили хвостами по столу так, что стаканы с компотом в столовке лопались. Даже в курилке стоят друг к другу жопами.\n\nКолясик, Людк, ну ебанарот, 8 лет ишачим бочина к бочине. Почти семья так сказать. Давайте вечером по маринованной корюшке и миритесь."
"Это Олег. Работник завода ""Большевик"".\n\nОлежа пришел с бодуна на работу. Работать не может, усы дрожат, как охуевшие. Как у него еще инфаркт жопы не случился в общественном транспорте, когда он ехал на завод, одному богу известно."
"Прохор смотрит на меня, как на говно.\n\nГоворит: ""Ебучие рога, сделал всю работу за нас обоих. Гдеж ты гиена кладбищенская пропадал?""\n\nНу извини, Прохор. Такой уж я проеба. Первые лучики солнца, сидел на крыльце, курил цигарку, щурил от удовольствия ебальничек. Весна же блять это святое!"
"На производстве что-то пошло по пизде, сидят хвостами вертят, да трут за кашу манную и жизнь туманную.\n\nМного разговоров за котовий профсоюз. Расстраиваются, что вступивших мало. Скоро же майские, а там и шашлындосы с выездом за город. Надо бы народ подтянуть, а то с кем в волейбол играть на синюю\nголову?\n\nЕсли кто шашлами проникся, вот ссылочка на вступление в профсоюз: https://vk.com/donut/rabotyagikoti"
"Я в ахуе конечно с этих работяг. Просто пиздец. Смена идет - Пал Юрыч щемит Надьку в углу. Ты чо, усатый полосатый, забыл, за что тебе здесь золотые червонцы дают? Думаешь за то, чтобы ты махал своей елдой, как смертоносной булавой?\n\nКто допустил непотребство во время рабочего процесса? Минус блять ебаный стакан компота из сушеных яблок! Обоим!"
"Анатолий увольняется.\n\nГоворит срал я в ваш компот (и ведь срет) Хочу более человеческой участи, а то как собака сутулая. Хуярю 6/1, а в итоге с зарплаты приходится выбирать, купить себе носки или тот шампунь олдспайс со смешным черным качком. А это у меня еще футболки на лето нет.\n\nЧтож, пожелаем ему легкой дороги и жирного оклада на новом рабочем месте."
"Дементий Лапов изучает возможность создания синтетических рыбновых тефтелей, которые не будут подвержены кишечной палочке AnusZapekanus. Работа встала на месте ибо грант как обычно уже весь прохуярили.\n\nНе чумазый обормот конечно, но тоже трудяга. Навалим поддержки усатому лаборанту."
"Это Венедикт Крайманов.\n\nСтарший слесарь, высоко уважаемый коллегами. За ударный труд награждён медалью и грамотой. А так же по ходатайству начальника цеха его фотография установлена на доске почёта."
Адмирал Степаныч проверяет готовность посудин к сезону.\n\nВысказал жесткую критику в сторону ремонта дизелей и следил за соблюдением сухого закона на базе.
"ведомая запахом харчей, смена идет в столовку"
"Вот они слева направо - Толстолобиков, Игнат, Леша Килькин.\n\nГоворят после обеда тяжко работать. Полон компота живот, хочется мять поддоны да и только."
Николай Усиков орет что-то про санаторий от профсоюза и про низкую оплату труда. Не понимаю о чем он. По моему живет как у христа за пазухой.
Попиликал на проходную. Пора хуярить домой.\n\nПока пока котейка.
"Это Семен Палыч. Расстраивается, что каждый день после работы достает из носа килограмм пыли и сажи..."
"Толпятся на перекуре и хвастаются тем, что взяли с собой на обед.\n\nОдин Олег негодует. Говорит, положила супруга дошик с говягой. Перед пацанами стыдно. Могла бы и супу на костях рыбных наварить."
"Это Алексей Килькин. Проводит инвентаризацию сухофруктов.\n\nОпять недостача, ебанные волки!"
"Михалыч сидит после обеда, плющит усатую ебасосинку. Ну что же за славный малый."
"Из-за количества ночных смен решил залезть в петлю (мешок)\n\nЭтот парень был из тех, кто просто любит цех..."
"Смотри-ка, попиликал куда-то, проёба. Наверное опять в пошивочный цех, подкатывать к девкам свои сальные усы. Хоть бы постыдился, пахарь ёбарь террорист.\n\nТолько компот из сухофруктов им в уши льет, а по факту просто чумазый обормот."
"Это Толян.\n\nКак же я люблю этого усатого, старого металлурга. Иной раз он зайдет ко мне в цех и такой: ""Ну чо, студент, пошли покурим?"". Подружились мы сильно с дедом. Иногда его желтые от красного винстона усы хочется намотать на палец, но не делаю этого чисто из уважения к деду."
Сидят хвосты крутят да щелкают ебальничками.\n\nМинус премия или увольняем?
Это Сергей Вячеславович. Станочник широкого профиля.
"""В рот мне пароход! Чуть усы в пилу не замотало. Теперь надо пол дня отпиваться компотом из кураги, чтобы прийти в себя""\n\nПоддержим Юр Палыча. У него даже хвост раком встал от таких переживаний. Надеюсь, что в следующий раз, он будет более аккуратнее и наденет защитный чехол для усов."
"Володя так орал, что в пошивочном цеху у Вальки случились преждевременные роды.\n\n- А я говорил, ебит того в рыло, бережно надо к технике относиться. Теперь будете на горбу хуярить, архаровцы ёбаные! Я ни за какой компот из кураги не буду их ворочать, нахуй оно мне надо - 300 килограмм?"
"Валера, вот ты мне скажи, у тебя обеденный перерыв был? Был! Почему в рабочее время устроил пиршество? Мало того, что производство стоит, так еще и засрал рабочее место.\n\nТак не годится, усатый валенок. Давай иди убирай перья и пидорь пол. На первый раз закрою на это глаза. В следующий раз подрежу тебе премию."
"Семен Палыч, что с лицом? Ни это ли радость и вселенская благодать от любимой работы?\n\nСразу видно, что лучшей работы ты для себя и желать не мог. Чтож, наслаждайся."
"Мастер цеха, начальник участка и завхоз принимают комплектующие. Усатую нецензурную лексику слышно даже в курилке.\n\n""Ебучие рога, опять накладные перепутали, где там у них третий поддон? Кого здесь нужно выебать, чтобы хоть раз все прошло как по маслу?"""
"Помните постом ниже был здоровенный Олег, который любит сериалы и быстрые углеводы?\n\nТак вот, он зашел поздороваться и пожелать вам хорошего вечера. Ведь нужно хорошо отдохнуть, чтобы завтра снова быть кабанчиком.\n\nСпасибо Олежа, ты как всегда славный малый."
"Специалист по контрольно-измерительным приборам и автоматике Аркадий Юрыч в унынии повесил усы.\n""Зарплату не поднимают уже второй год, а работы только накидывают... По мимо рыбовных тефтелей, хочется себя и напитками из черноголовки иногда баловать..."" - негодует Аркаша.\n\nЮрыч, не стесняйся прийти к начальству и ебнуть кулаком по столу. Если в ответ тебе ебнут кулаком в ухо - смело меняй работку."
"- Игнат, а вот как ты думаешь? земли крестьянам, а фабрики рабочим?\n- А хуй знает, Гошан. Я когда въебываю как гусь сутулый, мне сложно высокую мысль думать."
"Знакомьтесь, это кладовщик Леонид. Решил дать храпу после нежнейших рыбовных тефтелей в столовке.\n\nГлавное, чтобы пассатижи не подрезали, а то ходят бродят тут всякие хитровыебанные. Леня, держи одно ушко востро и поставь будильник."
"Ну ты и кабан, Олег. Работаешь за одного, жрешь за троих. Откуда денег-то столько? Небось теневой бизнес ведешь? Пиздишь поди сухофрукты для компота, пока Игнат щемит повариху Людку в кладовой?\n\nДа ладно, это шутка. Все знают, что Олежа славный малый. Просто очень любит закинуться быстрыми углеводами, когда смотрит любимый сериальчик перед сном."
"Это Гоша, друг Игната, из компотного синдиката. На вид малютка, но проебывается за весь коллектив здоровенных мужиков."
"Минутка охуевания от объема работы. Говорит на сколько бы не был ебейшим компот из сухофруктов, оно того не стоит, здоровье дороже."
"Завхоз Валера совсем берега попутал. Пришел с утра пьяный, смердит как шакал. Это однозначно минус премия. Повторное такое нарушение - пиздуй с предприятия, бутылки собирать.\n\nСам Валера прокомментировал свое состояние так:\n\n- Бокал холодного пива с утра можно сравнить с сексом без презерватива - авантюра довольно опасная, но весьма приятная."
"""Не понимаю, почему я должен писать ебучую объяснительную? Да, работа не сделана, но лучше сделать хорошо, но никогда, чем кое-как, но сегодня. Вы меня понимаете или нет в конце-то концов?""\n\nТолстолобиков, ебать мой лысый череп, ты опух? Чтобы до обеда объяснительная лежала на моем столе!"
"Угнетен вонючей работой, но не сломлен.\n\nЖивет мыслью, что после смены, по пути домой, купит себе напитки из черноголовки в красном и белом.\n\nЯ говорит как усами прильну к бутылке, как все ебало пузырями зашипит, так и понимаешь, что есть еще место чуду в этом мрачном городе."
"Во время обеда, когда работяги решили на пол часа пустить корни в диван, произошла перепалка.\n\n""Дядь, ты ногами-то не маши, не на карате пришел. Дай прикорнуть спокойно. На счету каждая минутка"": негодует Роман Килькин."
"Расселся в каморке на обеденном перерыве. Говорит что рубит пиздец, нужно бахнуть кофеечку.\n\nЧтож ты ночью делал, пузан? Спать нужно, а не жарить картоху в час ночи."
"""Володька я для своей матушки, а для тебя щенка, Владимир Львович""\n\nНе знаю чо так завелся этот чумазый обормот. Нужно быть дружелюбнее. Временами живется и так не сладко, так давайте по возможности не срать в воздух по порожняку."
"Егорыч в ахуе почему времени ещё без пяти шесть, а все балбесы уже разбежались?\n\nЕсли генеральный такое спалит, Егорычу влетит по первое число, а без премии ему из рациона светит только компот из кураги да сухарики."
"Мужики, у меня рыба, вы все просрали. Крайне слабые вы игроки, если честно. Ни какой тактики и полное непонимание того, что происходит на столе.\n\nС вас бутылочка светлого после работы."
"Я говорит хочу не месяц отпуска, а 4 раза по недельке в течении года. Что мне делать целый месяц в этой Сызрани? Смотреть как говно оттаивает за окном и наслаждаться запахами весны? Так мне и недельки хватит."
"Максим в небольшом замешательстве.\n\n- Меня на завод друг пригласил. Игнатом зовут. Ну я и пришел сразу после учаги. Игнат говорил, что коллектив бладежный, а компот так ваще отвал пизды. Ну я пришел и вроде так и есть, только он не упомянул, что нужно в ночную хуярить."
Чот сварщик слегка подохуел или мне кажется?\n\nНеделю выходных вне очереди этому кесулькену.
"Вахтанг наебенил в ночную смену кучу штифтов и уже собирается прибирать свое рабочее место.\n\nЕсли вы однажды встретите этот взгляд, то знайте, этот работяга встретил рассвет хуяря как проклятый."
"А это важная шишка Истукарий Закваскин. Трудится за троих в электромашинном цехе Ярославского Электровозоремонтного Завода им. Бещева.\n\nПод его чутким, усатым руководством проходят такие сложные работы, как разборка двигателей электровозов, их дефектовка, ремонт, сборка,\nобкатка и вообще все ремонтные процессы. Всегда в нужный момент мурчит грамотные замечания балбесам, которые только и желают, что щелкать ебальничком в курилке.\n\nСпасибо, Истукарий, за надежность."
"Виктор работает в автосервисе не покладая лап. Наебался с этими дедовскими жигулями и ржавыми ведрами вдоволь.\n\n«Блядь, суппорт хомутом зафиксируй или шланчик менять придётся вместе с тормазухой, ебаные твои рога» - сетует Виктор."
"Знакомьтесь. Это Семен. Руководитель группы по инвентаризации строений и сооружений.\n\nСегодня в паблик официально завезли возможность вступить в котячий профсоюз. Семен один из первых пополнил ряды. (вступление в профсоюз https://vk.com/donut/rabotyagikoti)\n\n""В профсоюзе сказали, что на майские организуют шашлындосы от предприятия. Приятное."": прокомментировал Семен."
"Роман Толстолобиков не доволен тем, что ты все еще не подписан на наш телеграм канал.\n\nНе расстраивайте Романа, ему и так сегодня в ночную смену хуярить. Имейте совесть: https://t.me/rabotyagikoti"
"Идет, проёба, облизывается.\n\nАркадий опять по тихому бегал к Людке в столовку за компотом из сухофруктов. Он ей на уши усов навешал, горы шерстяные наобещал и вертит ее теперь как хочет ради балдежного компота.\n\nЖаль Людку, если честно. Она девка доверчивая, а Аркадий хитрожопый валенок."
"Молодой вахтовик Володька. Приехал первый раз и наверное последний.\n\nГоворит: ""Нахуй вашу вахту, уж больно я скучаю по пятерочке у дома, где бульмени по скидону. Да и в любимой однушке уютный сральник, а не этот ваш портал в ад, который трещит под ногами, когда сидишь в позе орла""\n\nУ меня сердце сжимается, когда он грустит по вечерам. Но а чо теперь делать? Хуярь, Володька, раз приехал на месяц."
Котей Палыч. Хуярит на нефтянке. Вот вышел на цигарку с работягами.
"Пал Юрыч, ебаный рот, этого завода, блять! Видишь, где балка должна стоять? Какого хуя они в другом порядке расположены? Эта сидит там, чешет цемент, блять. Этот стоит, говорит ""Я тебе щас все спроектирую""... Еб твою мать, у вас прораб есть, чтоб делать это качественно, кисулькен ты ебаный!"
"Аркадий Осетров является убежденным интровертом и избегает контактов с токарями и прочими турбиностроителями. Осуждает за состояние мебели в уголке, для заруб в домино и предпочитает кушать за отдельным столиком."
"Работает на ХВО (Химводоотчистка)\n\nИнвалид с отсутствующей частью левой лапки. Попал в капкан из-за каких-то упырей. Не смотря на свои ограничения, работу выполняет быстро и качественно. Имеет за это надбавку к зарплате, из-за чего заработал себе круглые размеры талии."
Валентина Степановна ходила с проверкой по заводу и заметила четырех нарушителей. Попросила выделить стажерам каски и питание.
"Вечно с этим Олегом возникают сложности.\n\nВот смотрите на фото. Он стоит? Или сидит? А может стоялег? Постоянно у него все ни как у всех.\n\nРассудите, друзья. За отдых в рабочее время влепить минус премию или пока он будет в очереди за нежнейшими рыбными тефтельками бахнуть соли в компот?"
"Стажер Игнат просит сфоткать его на рабочем месте:\n\n- Сфоткай, пжалста, по-бырому. Мама просила показать где работаю. Пошлю ей в ватсапе."
Знакомьтесь.\n\nЭто Валера завхоз. Он следит за сохранностью материально-технической базы.
"Бля, ну и чумазый обормот, Роман Килькин. Мы с ребятами и всем цехом гнали его в душ, но это видимо не то, что его радует. Ходит, смердит как шакал и не понимает, что люди вокруг тоже страдают от его ядовитых запахов."
"Анатолий Толстолобиков проверяет отходы профиля.\n\n""Рас отход, два отход, рас отход, два отход..."": бубнит себе под усы Толян."
"Мне кажется или Аркадий наёбщик проклятый?\n\nГоворит: ""У вас ни чо не работает, с вас 10 тыщ"".\n\nЗа что, ебана рот? Я потому и приехал, ибо ни чо не работает ебучие твои рога."
"Игнат полон охуевания от ночных смен. Берет дополнительные часы, чтобы накопить на модный куртец, как у Гослинга в драйве."
"Володя Окунев контролирует работу челика, чтобы шибко не распиздяйничал. С этими людьми нужно держать усы трубой, а жопу ящиком.\n\nНа таких котах и держится производство. Так бы уже давно последний медный провод пропили."
Вот написано же для таких как ты - держись за перила!\n\nПочему не держишься? Чтобы до обеда объяснительная лежала у меня на столе!
Знаешь вот работаешь работаешь. А потом такой...А нахуя? Мне дан великий дар прожить насыщенную и интересную жизнь. Почему я должен дышать ебучей железной стружкой 5 дней в неделю?\n\nНе нужно отвечать на этот риторический вопрос. Просто выдержим минуту прискорбного молчания в честь работяг. Да хранит вас ебейший компот из кураги...
Хуярит в столовку за компотом из кураги.
"""Я же вам говорил, широкую на на широкую, ёбаные волки!"" - негодует мастер цеха Аркадий."
"Кот, ты зачем так высоко залез? Упадешь ведь, дурак. Слезай."
"Привезли крылья, но они опять оказались не из KFC, а на мотокультиваторы.\n\nКаждый раз одно и то же, доколе."
Кот Аркадий заебался и просит главного починить душ. Вызвал местную газету и те красиво сфоткали его протест на профессиональную камеру.\n\nНу а чо? Ходит как чумазый обормот.
"Когда до конца работы осталось 10 минут, а ты уже прибрал рабочее место, все выключил, проверил и судорожно поглядываешь на часы, в ожидании того, чтобы дать по съебам в любимую однушку унылой Сызрани."
"Игорь Окунев говорит, что приходит в себя лишь ближе к обеду. До обеда он хочет только срыгивать шерсть и пить кофе.\n\nПонимаю, Игорь, понимаю..."
"Тот самый неприметный работяга, имени которого ни кто не знает, но который трудится за троих."
"Володя Рыблев учит пиздюков заводской философии:\n\n""Весь кайф жизни можно прочувствовать, только если держаться золотой середины, не впадая в крайности. Ты проиграл, вне зависимости от того, первый в очереди столовки или последний. Если ты первый, тебе положат холодной и заветренной гречки, а если последний, не хватит времени на сигаретку после сытного обеда."""
"Пока наладчики ебуться с линией (двигатель накрылся), Олег может выдохнуть и отдохнуть...\n\nНЕ АСУЖДАЕМ"
"Дополнение к посту ниже.\n\nРешили предоставить вашему вниманию остальных стажеров, а также повариху Людку.\n\nРаботяги поговаривают, что компот из кураги у Людки, просто отвал еблета. Берут по два стакана и вам советуют."
"""Отпустити, у меня перерыв на сигаретку"" - негодует Игнат."
"Матвей приехал менять провайдера. МТС в край опухли. Повысили цены и даже не предупредили. В день оплаты отрубили инет. Еле дозвонился, чтобы узнать, что нужно докинуть бабос ибо тариф стал дороже. Пиздец.\n\nМатвей также подлил масла в огонь: ""Сейчас проведем вам высокоскоростной интернет. Будете зарабатывать в сети. Репутацию долбаеба""\n\n\nСпасибо, Матвей."
Сегодня Игорю аванс выдали. Сидит плющит еблет от удовольствия.
Работник полумесяца
"Вениаминович принес хорошие новости: ""Ваше очко найдено на разборке, можете выкупить."""
"Я иной раз на заводе так охуеваю, что слов не хватает. Вот охуеешь буквально за пару секунд, а отходишь от ахуя три дня.\n\nЭти двое, братюни Игната, проебывались пол дня на трубах. А зарплата между прочим на производстве не самая низка.\n\nИгнат, ебать мой лысый череп, кого ты приволок в цех?"
"Пацаны, верните ключи от шкафчика, я не хочу оставаться поздравлять уборщицу, у меня дела...(("
"Хуярит в дневную. Глаза на лоб, в ахуе с такой нагрузки.\n\nДля желающих поддержать котовий профсоюз подпишитесь на нас в телеграме: https://t.me/rabotyagikoti"
"я, говорит, уебу деревом, если минус премия.\n\nну тут как бы без вариантов. премии быть."
"Знакомьтесь, это Юр Палыч, из цеха чумазых обормотов."
прилично так нахуярился. говорит что больше не хочет.
Ишачит очень достойно. Пожалуй на сегодня без объяснительной.
"Вот они, слева направо: стажёр Игнат, Вася, Дядя Гоша, Петя, студент Маркиз(по обмену), Мастер Борисыч"
"Игнат опять паясничает. Потом удивляется, почему без премии. А хули он хотел?"
Лежит грустит. Премию походу подрезали.
"На предприятии во время обеда случилась потасовка. Пупсич был недоволен тем, что даже во время еды ему не дают покою.\n\n""Ты мне спокойно пожрать дашь или будешь стоять и плющить свой еблет на мою миску?"". В итоге он чуть не задушил меня медным кабелем.\n\nКазалось бы, в чем здесь мораль? А мораль вот в чем - не доебывай ближнего своего"
"Володя Рыблев и вонючие трубы.\n\nРыблев прислал свою прошлогоднюю фотографию и написал мне: ""Помню тот день как вчера. Ветки цветут, запах костра...Домой можно пешкодрапом, чисто кайфусики. Скоро снова май...""\n\nВолодя советует нам собраться с силами и добить эти пару месяцев. Как говорит Рыблев - чисто кайфусики, май не за горами, этим и живем."
"кабель-менеджмент, отпусти покушац"
Наелись котлет в столовке и шлифанули все компотом из кураги. Спят.\n\nДля желающих следить за работягами в телеграме: https://t.me/rabotyagikoti
"Хуярит на вахте мотористом цементировочного агрегата. Сейчас спит в своем вагоне-спальнике напившись компота из кураги.\n\nСходил бы хоть в баню на колёсах, чумазый обормот."
"Знакомьтесь, это Володя Дымов. Не заводской, но тоже труженик со стажем. Работает в пожарной части не первый год.\n\n""Что? Горит очередная жопа в комментах? Выезжаю!"" - не успели пообщаться, как нашу встречу прервал срочный вызов."
"Чумазый синдикат заявляет: ""Опять машинист блядун сжег колодки. Тормозить не умеет, а нам менять.""\n\nИногда я не понимаю, они работать сюда приходят или щелкать ебалом в курилке?"
"""Полируй до блеска, Игнат"" - говорит медный пупсич КлючНа38."
"""Рас рас и готово рас рас и готово"" - повторяет Анатоль Валерич."
можно мне на больничный меня пучит пожалуста господе отпустите домой походу это жареная капуска на ужин которую я ел
"""Я не успеваю отдохнуть за то время, что провожу дома после работы. Чутка позанимаюсь личной возней, как снова одевать подштанники и пиздовать на завод"" - жалуется Юрий Богданович.\n\nЧо расселся-то, Юрец? Хуярь, раз пришёл к 7 утра."
камеру вырубай нахуй
Владислав Печальный и низкая оплата труда. Фото в цвете.
"хуярит в ночную, чумазый обормот"
Закури брат и вытри слезы... это всего лишь объяснительная...
"Анатоль Юрыч не в курсе, где опять проебывается Игнат и очень сильно нервничает по этому поводу.\n\n""Ушел попить 20 минут назад, сучара"" - восклицает Юрыч.\n\nЭто что же получается? Объяснительная ебанарот? Или минус премия?"
ебанет ща походу
внимание!\n\nважный ключ на 38 из поста ниже вернулся напомнить о себе\n\nспасибо за внимание
"В первый же рабочий день Игнат уснул на обеде в своей каморке и профукал выход с перерыва.\n\nЗачем же ты смотрел видосики до 4 утра перед первым рабочим днем, Игнат? Это провал. Именно такой глупой вороной тебя здесь и запомнят"
"Специалист по противопожарной профилактике Леонид Айранович недоволен тем, что работяги курят в туалете, когда ходят по-большому.\n\nЛеонид задает резонный вопрос: ""Охуели?"""
"Стажер Игнат мягко говоря не доволен условиями труда.\n\nИгнат задает риторический вопрос: ""Я пришел хуярить на станке. Почему я должен тащить новый шкаф главбуху? А помогать в разгрузке сырья для производства строительных материалов? Почему я и швец, и жнец, и на станке игрец? Может лучше такую работу на хуе вертец?""\n\nОбидные слова произносит Игнат. Очень обидные. Но я все понимаю и не осуждаю Игната."
"Вот ты с утра спрашиваешь как мои дела. Как могут быть дела в 7 утра на предприятии? Ты глаза мои видишь? Это глаза страдающего за ваши грехи блять! Я вышел блять на работу, а там темно как в жопе, иду домой, а кругом нихуя не видно. С утра ветрище и метель, ебало сворачивает на 180 градусов, а вечером теплее, но полные кросы сырого снега. Пришел домой, снял кросы и затопил блять соседей этим снегом! Не спрашивай блять как мои дела!"
"Докладываю с ночной смены любимого завода. Один из работяг цеха был застукан старшим мастером Володей Рыблевым за ужасным деянием.\n\nЦитирую Рыблева: ""Любишь делать это на проходной? А как на счет того, чтобы сделать объяснительную во время обеденного перерыва?"""
"Володя Рыблев среди вонючих труб.\n\nСегодня утро у Рыблева не задалось. Как сказал нам Володя: ""У меня был выбор - попить с утра кофе и обосраться в дороге или сходить в туалет и опоздать на проходную. Объяснительную как видите я не писал..."""
"Володя Рыблев делится глубокими переживаниями:\n\nА ещё так бывает, знаешь вот, когда... Ну там вот когда работа какая-то есть и вроде работаешь там, и вся хуйня там, и блядь занят ёбты, ни о чем не думаешь, там... ну ... Ну мысли как-то, блядь, на второй план отходят, блядь. Потом приходишь вечером, блядь: И опять приуныл, блядь. Я хуй знает, вот приуныл и всё, ёбт. Вот когда приуныл, блядь... Не унываете пацаны, не унывайте..."
ща попью и вернусь к работе можно не делайте минус премия пожалуйста
"хосподе, Валера, ебать мой лысый череп, ты можешь держать прямее или нет"
"Буду проситься в другой цех. Юрец, я уже чихаю этой железной стружкой, ты понимаешь или нет? У меня после каждой смены усы раком встают, вот как меня заебала эта стружка железная."
Стажёр Игнат. Только что с ПТУ. По лицу уже видна преждевременная боль от будущих ночных смен.
"Володя Рыблев сказал: ""Я бы давно уже съебался с этого вонючего цеха на нормальную работу, если бы не Валька из столовки, которая всегда дает добавку компота из кураги""."
"Вот эти все ваши ебаные поддоны, пыль, сквозняки. Я нормально-то жить когда начну ебучие рога?"
Специалист по автотехнической экспертизе гоняет чаи в обеденный перерыв. Главное храпу не дать.
Монтажники трубопроводов отдыхают в вагоне-спальнике. Безобразные условия труда на этой вахте - сказали работяги.
"чето он важный дохуя, как ключ на 38, возомнил о себе пиздец, а по факту просто пупсич"
"- Тебе всего 1,5 месяца, какой еще станок?\n- Токарный"
только что поступила инсайдерская инфа от проверенных источников:\n\nМихал Анатоличу начислили зп без дисциплинарных взысканий.
"Пришел сегодня утром на родной завод, смотрю, а он уснул когда хуярил в ночную. Пишет объяснительную или минус премия?"
"Дим Юрыч, еб твою мать, где инструмент?"
Это Володя. Заведующий отделом оформления проектных материалов.
"Говорит в чертежах написано, что майских шашлындосов не будет. Ни кто в котячий профсоюз не вступил."
"У вас недостача по инвентаризации, пишите объяснительную"
отчитывает двуногого. походу это объяснительная для челика
Капиталим мотор на зимнике
не соблюдает технику безопасности. уволить?
Наконец-то можно посмолить хабарик на свежем воздухе...
пиликает к станку
котятки хуярят за низкую оплату труда
"В цеху плюс два, за окном зима, ебашим в кузнечном ночь через два..."
говорит в помещении большая влажность. потом будут все эти ваши ебаные артириты
инспектирует возведение моста
"Говорит начал рабочий день 10 минут назад, а уже хочется выйти потабачить на свежем воздухе. Шумно и пыльно - сказал кот. И грутна."
хуярит в дневную
одинокий бродяга токарных станков Казанова
почему такая низкая оплата труда?
заебавси (
будут объяснительную писать
камеру вырубай нахуй
столовка на заводе всегда была пиздата
хуярит на свежем воздухе
малявки хуярят с 4 утра
делает вид что занят делом
упитанный мастер цеха
"еще не продрал глаза, а уже пакует коробки с деталями для автоваза."
обеденный перерыв
в ахуе с такой нагрузки
рабочий класс
"— Друг работает на заводе. Так вот, он недавно отрезал там палец. Знаете, что он при этом сказал? — ??? — Слава богу, не себе."
с 14 лет на завод
ради чего я столько хуярю?
инженерное
заебавси (
стажер. пока что чистенький
хуярит на обед
не соблюдает технику безопасности
проебал гайки от моста
